,x1,x2,x3,x4,x5,x6,x7,x8,x9,x10,x11,x12,x13,x14,x15,x16,x17,x18,x19,x20,x21,x22,x23,x24,x25,x26,x27,x28,x29,x30,x31,x32,x33,x34,x35,x36,x37,x38,x39,x40,depend
0,1.0,28.0,3.0,1.0,2.0,,,4.0,22.5,10.5,5.6,1.0,77.0,18.2,0.0,1.0,1.2,8.0,1592.1,19.1,11.8,105.0,2.5,0.25,0.0,0.01,0.5,0.01,0.0,0.25,0.0,1.0,1.0,155.0,5.0,46.0,1.0,,0.49,0.39,0
1,0.0,28.0,4.0,,2.0,0.0,0.0,,0.0,0.0,0.0,0.0,4.0,6.4,0.0,0.0,1.2,3.0,67.6,4.8,4.8,11.0,3.0,0.33,0.0,0.0,0.0,0.0,0.0,1.0,0.0,,1.0,10.0,2.0,14.5,0.0,,0.4,0.44,0
2,0.0,41.0,,1.0,3.0,0.0,0.0,,23.8,9.5,5.9,0.0,9.0,6.0,,0.0,7.0,106.0,626.0,12.6,2.8,31.0,1.0,0.97,0.0,0.01,0.03,,0.0,0.25,0.0,,0.0,9.0,1.0,6.0,1.0,,1.0,1.0,0
3,1.0,50.0,4.0,1.0,2.0,0.0,1.0,3.0,49.2,35.3,,0.0,22.0,35.0,0.0,2.0,1.4,7.0,513.0,,3.8,96.0,1.4,0.57,0.5,0.07,0.42,,0.0,1.0,0.33,,0.0,22.0,1.0,35.0,1.0,,,1.0,0
4,1.0,31.0,5.0,2.0,2.0,0.0,0.0,6.0,,18.0,4.1,0.0,4.0,2.3,1.0,1.0,1.7,11.0,377.0,,2.8,,2.3,0.27,0.0,0.05,0.54,0.06,0.0,0.16,0.0,,0.0,5.0,,3.0,1.0,0.0,0.8,0.76,0
5,,63.0,,1.0,1.0,0.0,0.0,3.0,12.2,8.0,4.0,0.0,35.0,19.4,0.0,,3.3,22.0,797.9,11.9,5.9,40.0,1.4,0.77,0.0,0.01,0.13,0.01,0.0,0.66,0.0,,0.0,35.0,1.0,19.4,0.0,,1.0,,0
6,1.0,81.0,5.0,1.0,2.0,0.0,1.0,8.0,99.1,9.5,12.3,0.0,5.0,4.5,1.0,3.0,2.5,8.0,233.4,5.1,10.1,9.0,1.3,0.75,0.33,0.63,1.0,,0.0,,0.75,,,5.0,1.0,4.5,0.0,,1.0,1.0,0
7,0.0,46.0,3.0,2.0,1.0,0.0,1.0,4.0,28.8,21.5,7.2,0.0,5.0,0.9,0.0,2.0,1.8,7.0,190.6,16.2,5.6,18.0,2.0,0.42,0.5,0.15,0.57,0.15,,0.25,0.0,0.14,0.0,5.0,1.0,0.9,0.0,0.0,1.0,,0
8,1.0,43.0,1.0,1.0,,1.0,0.0,0.0,0.0,0.0,0.0,0.0,2.0,0.7,0.0,5.0,1.9,19.0,677.7,10.6,3.0,114.0,3.3,0.21,0.0,0.0,0.0,0.0,0.0,0.0,0.0,0.31,0.0,,3.0,,0.0,0.0,0.04,0.09,0
9,1.0,28.0,3.0,1.0,2.0,0.0,1.0,10.0,,17.5,4.5,0.0,19.0,6.4,1.0,,1.5,18.0,694.4,9.5,2.6,170.0,2.6,0.33,,0.07,0.55,0.06,0.0,0.1,,,0.0,83.0,6.0,19.0,1.0,0.0,0.22,0.33,0
10,0.0,43.0,3.0,1.0,4.0,1.0,1.0,7.0,74.4,16.8,10.6,0.0,9.0,,0.0,0.0,,2.0,117.9,,6.5,11.0,3.0,0.0,1.0,0.3,1.0,0.63,0.0,0.14,0.14,,0.0,67.0,3.0,15.7,,,0.13,0.06,0
11,1.0,38.0,5.0,2.0,2.0,0.0,1.0,6.0,37.9,17.8,,1.0,167.0,,1.0,33.0,2.6,,4543.2,,3.4,503.0,3.3,0.26,0.03,,0.05,0.0,0.0,,0.33,,1.0,206.0,,54.3,,,0.81,0.78,0
12,0.0,24.0,,1.0,3.0,0.0,0.0,2.0,,3.5,3.1,0.0,5.0,2.7,0.0,0.0,1.7,13.0,932.6,10.5,6.7,77.0,,,0.0,0.0,0.15,0.0,0.0,0.0,0.0,0.38,0.0,18.0,3.0,8.0,1.0,0.0,0.27,0.33,0
13,0.0,38.0,2.0,1.0,4.0,1.0,0.0,5.0,14.8,14.8,2.9,0.0,59.0,13.1,0.0,,1.5,26.0,904.5,11.4,3.1,182.0,2.6,0.46,0.0,0.02,0.19,0.01,,0.2,0.2,0.15,1.0,,10.0,29.7,0.0,,0.52,0.44,0
14,1.0,61.0,4.0,,2.0,0.0,2.0,4.0,150.8,53.0,37.7,0.0,4.0,2.4,1.0,10.0,1.7,26.0,1362.6,12.0,8.7,88.0,1.6,,0.2,0.11,0.15,0.11,,0.75,0.25,0.42,0.0,,1.0,2.4,1.0,,1.0,1.0,0
15,1.0,44.0,3.0,1.0,1.0,0.0,1.0,,25.4,9.0,2.5,0.0,34.0,6.5,0.0,0.0,2.1,5.0,200.3,,4.3,21.0,2.0,0.6,1.0,0.1,1.0,0.12,0.0,0.0,0.0,,0.0,,3.0,11.3,1.0,0.0,0.7,0.57,0
16,0.0,36.0,2.0,2.0,1.0,0.0,,12.0,70.4,8.0,5.8,0.0,8.0,4.1,0.0,18.0,2.0,60.0,2205.2,9.3,4.8,219.0,3.1,0.31,0.0,0.02,0.2,0.03,,,0.33,0.23,0.0,69.0,,34.1,1.0,,0.11,0.12,0
17,0.0,40.0,4.0,2.0,4.0,1.0,5.0,9.0,,17.8,13.0,1.0,60.0,,1.0,0.0,,1.0,75.3,17.0,8.3,9.0,5.0,0.0,1.0,1.0,1.0,,0.0,0.66,0.55,,1.0,76.0,2.0,65.3,0.0,0.0,0.78,0.9,0
18,1.0,,4.0,1.0,2.0,0.0,1.0,,50.1,18.1,8.3,1.0,37.0,12.2,1.0,0.0,1.2,11.0,239.1,6.4,1.7,105.0,1.5,0.54,1.0,0.12,0.54,0.2,0.0,0.83,0.0,,,37.0,1.0,12.2,0.0,2.0,1.0,1.0,0
19,0.0,36.0,4.0,1.0,4.0,1.0,0.0,2.0,,2.5,2.6,0.0,6.0,4.2,0.0,3.0,2.2,7.0,258.6,8.7,6.4,18.0,2.1,0.28,0.0,0.01,0.28,0.02,0.0,0.5,1.0,0.28,0.0,6.0,1.0,4.2,0.0,,1.0,,0
20,0.0,46.0,5.0,,6.0,1.0,0.0,0.0,0.0,,0.0,,11.0,5.5,0.0,18.0,2.4,,1830.9,,5.4,139.0,3.3,0.17,0.0,0.0,0.0,0.0,0.0,0.0,0.0,,1.0,27.0,3.0,26.5,0.0,,0.4,0.2,0
21,0.0,59.0,3.0,2.0,3.0,0.0,1.0,4.0,36.0,20.5,9.0,1.0,65.0,21.4,1.0,0.0,1.0,1.0,21.8,9.4,3.1,7.0,3.0,0.0,1.0,1.0,,,0.0,0.75,0.25,1.0,1.0,66.0,2.0,21.7,1.0,2.0,0.98,0.98,0
22,1.0,65.0,3.0,2.0,2.0,0.0,0.0,2.0,11.0,6.5,5.5,0.0,17.0,11.5,0.0,1.0,2.4,21.0,848.2,7.3,11.3,31.0,1.3,0.76,0.0,0.02,0.09,0.01,0.0,0.5,1.0,,0.0,17.0,1.0,11.5,0.0,,1.0,1.0,0
23,1.0,,4.0,,3.0,1.0,1.0,17.0,,33.1,8.1,0.0,18.0,4.7,1.0,6.0,1.7,92.0,2869.1,15.8,3.1,514.0,2.1,0.45,0.16,0.03,0.18,0.04,0.11,0.47,0.23,,0.0,18.0,1.0,4.7,1.0,2.0,1.0,1.0,0
24,0.0,,3.0,1.0,,0.0,0.0,8.0,,10.3,2.9,0.0,9.0,2.2,0.0,4.0,1.9,25.0,292.3,9.9,3.0,49.0,1.8,0.56,0.0,0.08,0.32,0.07,0.5,0.25,0.0,,0.0,9.0,1.0,2.2,0.0,,1.0,1.0,0
25,0.0,28.0,3.0,1.0,2.0,0.0,1.0,,56.4,14.7,3.7,0.0,,0.4,0.0,4.0,1.7,19.0,255.6,9.5,3.0,48.0,1.9,0.52,0.25,0.27,0.78,,0.4,0.26,0.13,0.15,0.0,2.0,1.0,0.4,1.0,,1.0,,0
27,0.0,,4.0,1.0,2.0,0.0,0.0,5.0,47.1,7.0,9.4,,10.0,7.2,1.0,1.0,1.7,7.0,129.3,9.4,4.0,,1.7,0.71,0.0,0.11,0.71,0.36,,0.2,1.0,0.0,0.0,,3.0,11.5,0.0,,0.41,0.62,0
28,1.0,62.0,3.0,1.0,2.0,0.0,4.0,5.0,194.3,25.8,38.8,1.0,47.0,52.8,1.0,4.0,1.5,5.0,363.6,13.4,12.9,,2.2,0.0,1.0,0.34,1.0,0.53,0.0,0.8,0.6,0.0,1.0,47.0,1.0,52.8,0.0,,1.0,1.0,0
29,0.0,,,2.0,4.0,1.0,0.0,9.0,24.0,,2.6,0.0,9.0,0.9,0.0,3.0,1.6,12.0,114.7,13.4,,24.0,1.8,0.5,0.0,,0.75,0.2,0.44,0.44,0.22,0.08,0.0,55.0,4.0,8.2,0.0,0.0,0.16,0.1,0
30,0.0,35.0,4.0,1.0,2.0,0.0,1.0,7.0,35.3,8.1,5.0,0.0,1.0,0.4,0.0,15.0,2.0,87.0,4572.2,9.1,5.9,,2.3,0.39,0.06,0.0,0.08,0.0,0.0,0.0,0.0,,0.0,1.0,1.0,,0.0,0.0,1.0,1.0,0
32,0.0,59.0,4.0,1.0,2.0,0.0,1.0,5.0,,,12.7,0.0,10.0,5.2,0.0,,1.7,6.0,191.7,,7.9,14.0,1.6,0.33,0.33,0.29,0.83,0.33,0.0,0.6,0.2,0.0,0.0,10.0,1.0,5.2,0.0,,1.0,1.0,0
33,0.0,57.0,5.0,1.0,,0.0,0.0,3.0,31.0,47.3,10.3,0.0,40.0,9.3,1.0,1.0,2.2,6.0,111.0,41.6,12.3,4.0,1.1,0.83,0.0,0.37,0.5,,0.33,0.33,0.0,,0.0,40.0,1.0,9.3,0.0,0.0,1.0,1.0,0
34,,57.0,5.0,1.0,2.0,0.0,0.0,5.0,70.5,64.0,14.1,0.0,64.0,13.4,1.0,1.0,1.7,,51.6,18.5,,4.0,1.2,,0.0,1.0,1.0,1.0,0.2,0.4,0.2,0.0,0.0,64.0,1.0,13.4,0.0,,,1.0,0
35,1.0,34.0,3.0,1.0,4.0,1.0,,11.0,91.8,11.6,8.3,0.0,2.0,0.3,1.0,0.0,,9.0,,5.6,3.1,52.0,3.3,0.22,0.0,,1.0,0.3,,0.63,0.27,1.0,0.0,2.0,1.0,0.3,1.0,,1.0,1.0,0
36,0.0,45.0,3.0,2.0,2.0,0.0,0.0,8.0,20.5,,2.5,0.0,,0.6,1.0,2.0,1.9,12.0,474.8,15.0,4.4,55.0,2.8,0.33,0.0,0.01,0.66,,,0.25,0.12,,0.0,32.0,3.0,7.9,0.0,0.0,,,0
37,0.0,41.0,4.0,0.0,4.0,,0.0,0.0,,0.0,0.0,,7.0,2.9,0.0,0.0,,5.0,95.7,,2.0,,3.0,0.0,0.0,0.0,0.0,0.0,0.0,1.0,0.0,,0.0,9.0,2.0,3.9,0.0,,0.77,0.74,0
38,0.0,35.0,,1.0,4.0,1.0,0.0,9.0,84.3,,9.3,0.0,33.0,59.7,0.0,13.0,,20.0,696.9,8.2,8.1,31.0,1.9,0.3,0.0,0.1,0.45,0.12,0.0,0.22,0.44,0.1,0.0,33.0,1.0,59.7,0.0,,1.0,,0
39,0.0,51.0,4.0,0.0,2.0,0.0,0.0,6.0,25.6,18.5,4.2,0.0,16.0,4.8,0.0,,2.4,49.0,,17.0,3.4,188.0,2.1,0.46,0.0,0.01,,0.01,0.0,0.16,0.5,0.14,0.0,35.0,2.0,10.8,0.0,0.0,0.45,0.44,0
40,0.0,46.0,2.0,0.0,3.0,0.0,0.0,3.0,32.2,10.6,10.7,1.0,19.0,22.4,0.0,2.0,1.9,14.0,380.5,8.1,5.0,38.0,2.0,0.42,0.0,0.05,0.21,,0.0,1.0,,0.07,1.0,46.0,,37.0,0.0,2.0,0.41,,0
41,1.0,48.0,2.0,0.0,3.0,1.0,0.0,7.0,91.8,23.7,13.1,0.0,50.0,,0.0,0.0,1.3,,315.5,10.7,5.5,43.0,1.1,0.83,,0.27,1.0,0.29,0.14,0.85,0.57,,0.0,50.0,1.0,28.6,0.0,,1.0,1.0,0
42,,55.0,,1.0,3.0,0.0,0.0,3.0,18.6,12.0,6.2,0.0,,0.5,0.0,4.0,1.4,14.0,749.5,12.1,5.9,86.0,1.5,0.5,0.0,0.02,0.21,,0.33,0.0,0.33,0.42,0.0,9.0,2.0,10.1,0.0,,0.22,0.04,0
43,1.0,48.0,2.0,1.0,4.0,1.0,0.0,10.0,85.5,8.8,8.5,0.0,21.0,7.9,1.0,0.0,0.0,0.0,,,0.0,,0.0,0.0,,,1.0,1.0,0.0,0.2,0.0,,,,1.0,7.9,1.0,2.0,1.0,,0
44,0.0,,3.0,0.0,5.0,0.0,0.0,,143.3,12.2,,0.0,9.0,7.3,0.0,5.0,2.2,14.0,,17.7,11.6,25.0,1.7,0.5,0.0,0.12,0.71,0.21,0.0,0.4,0.7,0.5,0.0,9.0,,7.3,0.0,,1.0,1.0,0
46,1.0,57.0,6.0,2.0,2.0,0.0,0.0,0.0,0.0,0.0,0.0,0.0,11.0,2.3,0.0,,1.5,3.0,48.6,8.7,4.4,7.0,1.3,0.66,0.0,0.0,0.0,0.0,0.0,1.0,0.0,,0.0,11.0,1.0,2.3,0.0,,1.0,1.0,0
47,0.0,56.0,1.0,0.0,2.0,0.0,,8.0,105.2,9.6,13.1,1.0,23.0,27.7,1.0,0.0,0.8,1.0,46.3,6.6,9.2,6.0,3.0,,0.0,1.0,1.0,1.0,0.0,0.62,0.0,,,32.0,2.0,37.5,,2.0,0.71,0.73,0
48,0.0,50.0,3.0,1.0,3.0,1.0,0.0,4.0,29.2,9.2,7.3,0.0,,5.0,0.0,7.0,2.9,28.0,759.3,11.5,7.5,34.0,1.8,0.5,0.0,,0.14,0.03,,0.5,0.25,0.14,0.0,5.0,1.0,5.0,1.0,,1.0,1.0,0
49,1.0,42.0,3.0,1.0,1.0,,0.0,2.0,3.7,2.5,1.8,0.0,1.0,0.0,0.0,10.0,1.9,22.0,1073.5,10.7,5.6,98.0,2.5,0.31,0.0,0.0,,0.0,0.0,,0.0,0.13,0.0,1.0,1.0,0.0,0.0,0.0,1.0,0.0,0
70,1.0,64.0,2.0,2.0,,0.0,2.0,10.0,124.0,12.6,12.4,0.0,11.0,7.1,1.0,2.0,1.1,3.0,149.2,5.0,5.5,24.0,1.6,0.33,1.0,0.93,1.0,0.83,0.0,0.4,0.3,0.33,0.0,24.0,2.0,13.5,0.0,0.0,0.45,0.52,0
71,,59.0,3.0,2.0,3.0,0.0,2.0,5.0,,30.2,11.6,0.0,18.0,6.6,1.0,,0.0,0.0,0.0,0.0,,0.0,0.0,0.0,1.0,1.0,1.0,1.0,0.0,0.8,0.2,0.0,0.0,18.0,1.0,6.6,1.0,2.0,1.0,,0
72,0.0,28.0,3.0,1.0,,0.0,2.0,21.0,,13.8,3.7,0.0,8.0,0.8,,4.0,1.4,10.0,152.1,10.2,2.7,,2.3,0.3,0.5,0.51,1.0,0.51,0.33,0.28,0.14,,0.0,8.0,,0.8,0.0,,1.0,1.0,0
73,1.0,48.0,4.0,1.0,1.0,0.0,2.0,26.0,326.3,19.2,12.5,0.0,7.0,10.6,1.0,1.0,2.1,5.0,,15.6,15.1,6.0,1.2,0.8,1.0,1.0,1.0,1.0,0.07,0.3,0.23,,0.0,13.0,2.0,14.7,1.0,,0.53,0.72,0
74,1.0,38.0,,2.0,2.0,0.0,4.0,12.0,208.3,,17.3,0.0,4.0,0.1,,,2.4,81.0,3371.9,12.2,3.3,414.0,3.6,0.23,0.14,0.04,0.14,0.06,0.16,0.33,0.25,,1.0,205.0,5.0,83.6,0.0,0.0,0.01,0.0,0
76,1.0,37.0,3.0,2.0,1.0,0.0,0.0,9.0,39.7,,4.4,0.0,5.0,1.8,,0.0,,4.0,62.2,,4.1,,1.2,,0.0,0.68,1.0,0.63,0.0,0.44,0.33,,0.0,5.0,1.0,,0.0,,1.0,1.0,0
77,,30.0,3.0,1.0,1.0,0.0,2.0,5.0,22.9,17.8,4.5,0.0,3.0,1.9,0.0,,2.3,21.0,310.5,12.9,2.3,57.0,,0.52,1.0,0.05,0.23,0.07,0.2,0.6,0.0,0.14,,3.0,1.0,,1.0,2.0,1.0,1.0,0
78,1.0,75.0,,1.0,2.0,,2.0,9.0,,9.4,16.2,0.0,6.0,5.5,0.0,6.0,1.8,12.0,,7.1,,59.0,1.6,0.58,0.33,0.1,0.75,,0.22,0.44,0.11,0.16,1.0,18.0,2.0,15.2,0.0,,0.33,0.36,0
79,1.0,44.0,3.0,1.0,1.0,0.0,2.0,14.0,45.9,11.7,3.2,0.0,14.0,14.4,1.0,0.0,2.6,7.0,307.3,,5.2,22.0,2.1,0.42,1.0,0.12,,0.14,0.0,0.07,0.07,1.0,0.0,14.0,1.0,14.4,1.0,2.0,1.0,1.0,0
80,1.0,43.0,4.0,2.0,6.0,,2.0,10.0,,19.7,11.5,0.0,12.0,3.7,1.0,4.0,1.4,6.0,219.9,9.5,4.2,36.0,4.1,,,0.39,1.0,,0.2,0.2,,,0.0,12.0,1.0,3.7,0.0,,1.0,1.0,0
81,0.0,28.0,3.0,1.0,2.0,0.0,3.0,25.0,123.1,,4.9,0.0,10.0,2.0,1.0,4.0,1.9,23.0,,9.8,3.0,,1.8,0.56,0.75,0.49,1.0,0.43,,0.28,,0.13,0.0,10.0,1.0,,1.0,0.0,1.0,1.0,0
82,0.0,59.0,3.0,,3.0,0.0,2.0,5.0,58.2,30.2,11.6,0.0,25.0,8.9,1.0,0.0,0.0,0.0,0.0,0.0,0.0,0.0,0.0,0.0,1.0,1.0,1.0,1.0,0.0,0.8,0.2,,0.0,25.0,1.0,8.9,1.0,2.0,1.0,1.0,0
83,0.0,59.0,4.0,1.0,2.0,0.0,4.0,14.0,204.8,21.2,14.6,0.0,2.0,1.4,1.0,4.0,2.1,10.0,346.8,,8.4,19.0,1.5,0.5,1.0,0.53,1.0,0.59,0.07,0.57,0.07,0.0,0.0,2.0,1.0,,0.0,,1.0,1.0,0
84,1.0,75.0,3.0,1.0,2.0,0.0,2.0,12.0,163.9,8.4,13.6,0.0,3.0,2.1,1.0,7.0,2.0,15.0,650.4,7.0,4.9,66.0,,0.46,0.28,0.1,0.8,0.25,0.16,0.41,0.08,,,18.0,2.0,12.9,0.0,,0.16,0.16,0
85,1.0,64.0,2.0,1.0,1.0,0.0,2.0,4.0,58.1,,14.5,0.0,6.0,2.1,0.0,4.0,1.4,8.0,579.9,8.0,7.8,52.0,,0.5,0.5,0.07,0.5,0.1,0.0,0.5,,,0.0,6.0,,2.1,0.0,0.0,1.0,1.0,0
86,0.0,28.0,3.0,1.0,,0.0,3.0,25.0,123.1,17.9,4.9,,,1.0,1.0,4.0,1.9,23.0,,9.8,3.0,48.0,1.8,0.56,0.75,,1.0,0.43,,0.28,0.16,,0.0,5.0,1.0,1.0,1.0,0.0,1.0,1.0,0
88,1.0,35.0,4.0,1.0,3.0,1.0,3.0,6.0,333.3,46.6,55.5,0.0,4.0,3.2,1.0,0.0,0.0,0.0,0.0,,0.0,0.0,0.0,0.0,1.0,1.0,1.0,1.0,0.0,0.66,0.33,0.0,0.0,4.0,1.0,3.2,0.0,0.0,1.0,1.0,0
89,1.0,75.0,3.0,1.0,2.0,0.0,2.0,11.0,159.0,8.8,14.4,0.0,1.0,1.5,,7.0,2.0,14.0,573.9,6.8,4.5,63.0,1.7,0.5,0.28,,0.78,0.27,0.18,0.45,0.09,0.14,0.0,1.0,1.0,1.5,0.0,,1.0,1.0,0
90,1.0,28.0,2.0,1.0,1.0,0.0,0.0,,23.1,,4.6,0.0,3.0,1.6,0.0,4.0,1.9,30.0,764.6,11.5,3.9,100.0,1.5,0.66,0.0,0.01,0.16,0.03,0.0,0.8,0.4,,0.0,3.0,1.0,,0.0,0.0,1.0,1.0,0
91,0.0,57.0,,,2.0,0.0,0.0,0.0,0.0,0.0,0.0,0.0,56.0,13.2,0.0,1.0,2.0,5.0,82.7,31.3,10.3,4.0,1.2,0.8,0.0,0.0,0.0,0.0,0.0,0.0,0.0,0.0,0.0,,1.0,13.2,0.0,,1.0,1.0,0
92,1.0,48.0,4.0,1.0,1.0,0.0,1.0,17.0,261.5,22.1,15.3,0.0,1.0,0.2,0.0,2.0,4.0,9.0,355.9,15.8,12.7,7.0,1.8,0.44,0.5,,1.0,0.73,0.11,0.29,,,0.0,1.0,1.0,0.2,0.0,0.0,1.0,1.0,0
93,1.0,57.0,5.0,,2.0,0.0,1.0,6.0,36.8,10.6,6.1,0.0,29.0,15.9,1.0,3.0,1.1,12.0,185.9,7.9,3.5,46.0,1.3,0.66,0.33,0.15,,0.19,0.16,0.66,,0.16,,49.0,3.0,26.3,1.0,,,0.6,0
94,,48.0,2.0,0.0,3.0,1.0,0.0,4.0,27.5,14.2,6.8,0.0,40.0,25.2,0.0,0.0,1.1,3.0,244.2,10.1,5.0,43.0,1.3,0.66,0.0,0.11,1.0,0.11,0.25,0.75,0.5,0.66,0.0,40.0,1.0,25.2,1.0,,1.0,1.0,0
95,1.0,59.0,5.0,0.0,2.0,0.0,0.0,5.0,19.0,,3.8,0.0,6.0,2.2,0.0,1.0,1.4,7.0,218.9,11.7,4.4,33.0,1.7,0.57,0.0,0.05,0.71,0.08,0.2,0.2,,0.57,0.0,6.0,1.0,2.2,,,1.0,1.0,0
96,1.0,48.0,4.0,1.0,1.0,0.0,3.0,28.0,360.0,19.1,12.8,0.0,1.0,0.4,1.0,5.0,3.1,26.0,786.4,11.1,6.8,36.0,1.7,0.42,0.6,0.41,1.0,0.45,0.07,0.35,,1.0,0.0,,1.0,0.4,0.0,,,1.0,0
97,1.0,,3.0,1.0,,0.0,0.0,4.0,57.8,27.2,14.4,0.0,26.0,14.6,0.0,0.0,1.3,7.0,296.3,11.6,7.0,31.0,1.8,0.71,0.0,0.22,0.57,0.19,0.0,1.0,0.75,0.14,0.0,26.0,1.0,14.6,0.0,0.0,,1.0,0
98,1.0,48.0,4.0,1.0,1.0,0.0,2.0,24.0,310.6,,12.9,0.0,5.0,1.3,0.0,9.0,3.2,,1318.3,13.1,8.4,48.0,1.8,0.41,0.22,0.23,0.66,0.23,0.08,0.33,0.25,,0.0,5.0,1.0,1.3,1.0,,1.0,1.0,0
99,1.0,32.0,4.0,1.0,2.0,0.0,0.0,8.0,47.1,20.0,,0.0,15.0,14.0,0.0,3.0,1.4,,340.6,11.0,4.6,51.0,2.0,0.45,0.0,0.19,0.72,0.13,0.0,0.5,0.25,,0.0,27.0,3.0,21.8,0.0,2.0,,0.64,0
100,1.0,38.0,3.0,1.0,2.0,0.0,0.0,4.0,41.3,27.7,10.3,0.0,25.0,7.6,1.0,4.0,,23.0,1179.6,11.5,3.5,186.0,2.6,0.26,0.0,0.02,0.17,0.03,0.25,0.25,0.25,0.82,0.0,25.0,1.0,7.6,0.0,1.0,1.0,1.0,0
101,0.0,47.0,3.0,2.0,1.0,0.0,0.0,7.0,64.1,35.2,,0.0,18.0,5.0,0.0,10.0,,20.0,875.6,9.4,4.5,126.0,3.5,0.2,0.0,0.13,,0.07,0.57,0.14,0.28,,1.0,185.0,10.0,76.4,0.0,,0.09,0.06,0
103,1.0,,4.0,1.0,2.0,0.0,0.0,0.0,0.0,,0.0,0.0,,70.2,0.0,0.0,6.4,130.0,4852.8,16.8,12.3,61.0,1.0,0.92,0.0,0.0,0.0,0.0,0.0,1.0,0.0,0.13,1.0,179.0,3.0,114.3,1.0,2.0,0.51,0.61,0
104,0.0,54.0,3.0,,2.0,0.0,1.0,8.0,193.5,34.8,24.1,0.0,6.0,3.0,,2.0,1.8,15.0,,10.3,7.0,33.0,1.4,0.66,0.5,0.44,0.53,0.45,0.0,1.0,0.12,0.06,0.0,6.0,1.0,3.0,0.0,,1.0,1.0,0
105,0.0,36.0,4.0,1.0,4.0,1.0,0.0,3.0,11.7,4.3,,0.0,30.0,,0.0,3.0,2.2,,267.4,8.4,6.2,19.0,2.0,0.37,0.0,0.03,0.37,0.04,0.0,0.66,0.66,,0.0,30.0,1.0,12.9,0.0,2.0,1.0,,0
106,0.0,37.0,,1.0,4.0,1.0,0.0,5.0,55.0,,,0.0,12.0,7.6,1.0,0.0,1.3,9.0,220.7,8.0,2.7,60.0,2.0,0.22,0.0,0.22,0.55,0.24,0.0,0.8,,1.0,0.0,12.0,1.0,7.6,1.0,2.0,1.0,1.0,0
107,0.0,57.0,5.0,1.0,2.0,0.0,0.0,0.0,0.0,0.0,0.0,,108.0,23.7,0.0,1.0,2.0,5.0,82.7,,,4.0,1.2,0.8,0.0,0.0,0.0,0.0,0.0,0.0,0.0,,0.0,108.0,1.0,23.7,0.0,0.0,1.0,1.0,0
108,,63.0,4.0,1.0,1.0,0.0,,4.0,40.0,16.7,,0.0,49.0,17.3,0.0,3.0,3.8,26.0,914.4,11.4,,41.0,1.3,0.8,0.0,0.03,0.15,0.04,0.0,,0.0,0.26,0.0,49.0,,17.3,0.0,,,1.0,0
109,,24.0,3.0,1.0,2.0,0.0,0.0,4.0,29.4,20.0,,0.0,33.0,12.2,0.0,0.0,0.0,,0.0,0.0,0.0,0.0,0.0,0.0,,1.0,1.0,1.0,0.75,0.5,0.0,,0.0,33.0,1.0,12.2,0.0,1.0,1.0,1.0,0
110,1.0,35.0,4.0,1.0,3.0,1.0,0.0,3.0,18.4,24.6,6.1,0.0,58.0,8.9,0.0,2.0,1.5,63.0,1865.8,17.2,,,1.9,0.49,0.0,0.0,0.04,0.0,0.0,0.33,0.33,0.49,0.0,150.0,2.0,23.9,,2.0,0.38,0.37,0
111,1.0,35.0,4.0,1.0,3.0,1.0,1.0,17.0,139.0,33.1,8.1,0.0,38.0,7.0,1.0,6.0,1.7,92.0,2869.1,15.8,3.1,514.0,2.1,0.45,0.16,0.03,0.18,0.04,0.11,0.47,0.23,0.53,0.0,38.0,1.0,7.0,1.0,,1.0,1.0,0
113,0.0,39.0,3.0,1.0,6.0,1.0,0.0,9.0,12.2,,1.3,0.0,11.0,4.9,0.0,,1.3,14.0,209.9,9.1,,58.0,2.5,0.42,0.0,0.07,0.64,0.05,,0.33,0.33,,0.0,28.0,3.0,,0.0,,0.39,0.62,0
115,0.0,58.0,3.0,0.0,,0.0,1.0,9.0,98.7,9.0,10.9,0.0,5.0,3.6,0.0,0.0,0.0,0.0,0.0,0.0,0.0,0.0,0.0,0.0,1.0,,1.0,1.0,0.22,0.22,0.22,,0.0,23.0,,17.3,0.0,0.0,0.21,0.2,0
117,0.0,47.0,3.0,2.0,1.0,0.0,0.0,7.0,64.1,35.2,9.1,0.0,3.0,,1.0,10.0,1.5,20.0,875.6,9.4,4.5,126.0,3.5,0.2,,0.13,0.35,0.07,0.57,0.14,0.28,,0.0,3.0,1.0,0.3,0.0,,,1.0,0
121,0.0,35.0,,,,0.0,,,103.0,6.8,6.8,,1.0,0.0,0.0,23.0,2.1,109.0,6806.3,9.1,6.9,453.0,,0.37,0.04,0.01,,0.01,0.06,0.13,0.06,,0.0,1.0,1.0,0.0,0.0,,1.0,0.0,0
123,0.0,50.0,4.0,0.0,2.0,0.0,0.0,11.0,68.6,8.2,6.2,0.0,28.0,13.2,1.0,2.0,2.6,62.0,1282.0,13.0,,,,0.59,0.0,0.02,0.17,0.05,0.0,0.36,0.18,0.91,1.0,197.0,4.0,88.0,1.0,0.0,,0.15,0
125,1.0,48.0,2.0,0.0,,1.0,0.0,11.0,,29.3,15.1,0.0,3.0,0.8,1.0,0.0,1.4,9.0,383.6,12.0,6.0,43.0,1.1,0.88,0.0,0.42,1.0,0.43,,0.81,0.63,0.33,,3.0,,0.8,1.0,0.0,1.0,1.0,0
127,0.0,35.0,4.0,1.0,2.0,0.0,1.0,14.0,101.1,6.8,7.2,0.0,1.0,0.6,0.0,23.0,2.1,108.0,,9.1,6.9,453.0,2.4,0.37,0.04,0.01,0.12,0.01,0.0,0.14,0.07,,0.0,,1.0,0.6,0.0,2.0,1.0,1.0,0
128,0.0,50.0,3.0,,5.0,0.0,0.0,9.0,129.5,,14.3,0.0,4.0,4.3,,2.0,1.1,,158.9,8.0,12.2,,1.6,,,1.0,1.0,0.81,0.0,0.44,0.77,0.6,0.0,4.0,,4.3,1.0,0.0,1.0,1.0,0
131,1.0,64.0,4.0,2.0,2.0,0.0,0.0,5.0,94.4,11.2,18.8,0.0,,53.0,0.0,2.0,,2.0,32.4,7.6,5.4,4.0,1.5,0.5,0.0,1.0,1.0,,0.0,1.0,0.8,,0.0,17.0,1.0,,0.0,,1.0,1.0,0
133,,51.0,3.0,1.0,2.0,0.0,2.0,8.0,104.0,44.8,13.0,0.0,42.0,13.0,0.0,16.0,2.0,38.0,1354.2,11.7,3.1,205.0,3.0,,0.12,0.07,,0.07,0.0,0.37,0.12,0.34,1.0,88.0,4.0,28.6,0.0,,0.47,0.45,0
134,1.0,61.0,4.0,1.0,2.0,0.0,0.0,0.0,0.0,0.0,0.0,0.0,15.0,12.6,0.0,0.0,6.4,130.0,4852.8,16.8,12.3,,1.0,,0.0,,0.0,0.0,0.0,1.0,0.0,,1.0,102.0,3.0,56.7,1.0,2.0,0.14,0.22,0
135,1.0,64.0,4.0,2.0,2.0,0.0,0.0,4.0,73.2,10.7,18.3,0.0,12.0,21.3,0.0,2.0,2.3,6.0,168.3,,12.0,6.0,1.1,0.83,,0.36,0.66,0.43,0.0,1.0,0.75,,0.0,12.0,1.0,21.3,0.0,2.0,1.0,1.0,0
136,,,4.0,2.0,2.0,0.0,,5.0,94.4,11.2,18.8,0.0,14.0,49.8,0.0,2.0,1.5,2.0,32.4,7.6,5.4,4.0,1.5,0.5,,1.0,1.0,1.0,0.0,1.0,0.8,,0.0,,1.0,49.8,0.0,,1.0,1.0,0
137,1.0,51.0,3.0,1.0,2.0,0.0,2.0,8.0,104.0,,13.0,,28.0,9.1,0.0,16.0,2.0,38.0,1354.2,11.7,3.1,205.0,3.0,0.13,0.12,0.07,0.21,0.07,,0.37,0.12,0.34,1.0,74.0,,24.7,0.0,,0.37,0.36,0
138,0.0,33.0,2.0,,,0.0,0.0,4.0,34.2,20.0,8.5,0.0,4.0,7.1,0.0,2.0,1.9,29.0,737.8,9.3,3.1,120.0,2.9,0.27,0.0,0.03,0.13,0.04,0.0,,,,0.0,4.0,1.0,7.1,0.0,0.0,1.0,1.0,0
139,0.0,55.0,,0.0,2.0,0.0,0.0,2.0,1.2,1.5,0.6,0.0,11.0,10.4,0.0,2.0,,90.0,3053.8,33.1,10.1,147.0,1.3,0.74,0.0,,0.02,0.0,0.0,0.0,0.0,,0.0,12.0,2.0,10.7,0.0,0.0,0.91,0.97,0
140,1.0,50.0,4.0,1.0,2.0,0.0,4.0,9.0,247.4,34.5,27.4,0.0,11.0,8.2,0.0,3.0,1.5,10.0,788.3,,4.6,108.0,1.3,0.7,1.0,0.17,0.9,0.31,0.11,0.88,0.22,0.5,0.0,,1.0,8.2,,,1.0,1.0,0
142,1.0,50.0,4.0,1.0,2.0,0.0,4.0,9.0,247.4,34.5,,0.0,19.0,,0.0,3.0,1.5,10.0,788.3,10.4,4.6,108.0,1.3,0.7,1.0,,0.9,0.31,0.11,0.88,0.22,,0.0,19.0,1.0,12.3,0.0,,1.0,1.0,0
143,1.0,71.0,1.0,1.0,3.0,0.0,0.0,5.0,96.5,32.6,19.3,0.0,43.0,11.9,0.0,0.0,2.6,6.0,162.7,14.8,10.1,6.0,1.0,,0.0,0.68,0.83,0.59,0.0,0.8,0.8,0.0,0.0,43.0,1.0,11.9,0.0,,1.0,1.0,0
144,0.0,,3.0,1.0,2.0,,1.0,9.0,207.0,,,0.0,4.0,16.9,1.0,2.0,1.6,11.0,319.6,9.9,6.8,28.0,1.5,0.63,,0.62,0.81,0.64,0.0,1.0,0.11,,0.0,4.0,1.0,16.9,0.0,2.0,1.0,1.0,0
146,,28.0,3.0,1.0,2.0,0.0,0.0,0.0,0.0,0.0,0.0,0.0,22.0,11.2,0.0,18.0,1.6,27.0,,10.8,4.8,406.0,5.7,0.03,0.0,0.0,0.0,0.0,0.0,0.0,0.0,,0.0,40.0,3.0,24.7,1.0,,0.55,0.45,0
147,1.0,71.0,1.0,1.0,3.0,0.0,0.0,5.0,96.5,32.6,,0.0,25.0,8.4,0.0,0.0,2.6,6.0,162.7,14.8,10.1,6.0,1.0,1.0,0.0,0.68,0.83,,0.0,0.8,0.8,,0.0,25.0,1.0,8.4,0.0,,1.0,,0
148,,50.0,,1.0,2.0,0.0,4.0,8.0,210.9,37.2,26.3,0.0,4.0,19.2,0.0,1.0,1.2,,233.3,11.3,4.0,48.0,2.0,0.0,1.0,0.45,1.0,0.9,0.12,0.87,0.25,0.33,0.0,4.0,1.0,19.2,0.0,,1.0,1.0,0
149,1.0,53.0,3.0,1.0,2.0,0.0,0.0,2.0,17.9,4.0,8.9,0.0,18.0,18.4,0.0,3.0,1.5,,1036.1,8.0,,152.0,,0.29,0.0,0.0,,0.01,0.0,1.0,,,0.0,18.0,1.0,18.4,1.0,,1.0,1.0,0
170,1.0,55.0,2.0,1.0,3.0,0.0,0.0,4.0,24.1,9.7,6.0,0.0,8.0,4.4,0.0,,1.4,15.0,777.2,11.8,5.8,89.0,1.6,0.46,0.0,0.02,0.26,0.03,0.25,0.0,0.25,,0.0,8.0,1.0,4.4,0.0,0.0,1.0,1.0,0
171,,53.0,2.0,1.0,1.0,0.0,1.0,7.0,82.5,31.7,,0.0,20.0,3.4,,1.0,1.1,2.0,48.5,10.0,3.0,14.0,5.0,0.0,,1.0,1.0,1.0,0.0,0.42,0.14,0.0,0.0,20.0,1.0,3.4,0.0,,1.0,1.0,0
172,0.0,56.0,4.0,1.0,,0.0,1.0,5.0,30.7,10.4,6.1,0.0,3.0,8.5,0.0,0.0,0.0,0.0,,0.0,0.0,0.0,0.0,0.0,1.0,,1.0,1.0,,0.0,0.0,,0.0,107.0,,95.7,1.0,0.0,,0.08,0
173,0.0,43.0,,1.0,2.0,0.0,3.0,6.0,100.2,18.8,16.7,0.0,3.0,4.6,,0.0,1.0,2.0,,6.1,4.1,12.0,1.0,1.0,1.0,1.0,1.0,1.0,0.0,0.5,,,0.0,,1.0,4.6,0.0,0.0,1.0,1.0,0
176,0.0,56.0,1.0,0.0,2.0,0.0,0.0,,90.5,9.2,12.9,0.0,9.0,12.2,0.0,2.0,2.0,12.0,466.5,7.0,6.9,33.0,2.3,0.5,0.0,0.13,0.58,0.19,0.0,0.57,0.0,0.41,0.0,9.0,1.0,12.2,0.0,,1.0,1.0,0
177,0.0,28.0,3.0,1.0,2.0,0.0,0.0,8.0,23.2,10.3,2.9,0.0,12.0,,0.0,4.0,,25.0,292.3,9.9,3.0,49.0,1.8,0.56,0.0,0.08,0.32,0.07,0.5,0.25,0.0,0.12,,12.0,1.0,2.7,0.0,,,1.0,0
178,1.0,48.0,2.0,,3.0,1.0,0.0,7.0,91.8,23.7,13.1,0.0,40.0,23.6,0.0,0.0,1.3,6.0,315.5,10.7,5.5,,1.1,0.83,0.0,0.27,1.0,0.29,0.14,0.85,0.57,0.5,0.0,40.0,1.0,23.6,0.0,,1.0,1.0,0
179,0.0,48.0,0.0,0.0,1.0,0.0,0.0,,3.2,5.4,0.6,0.0,8.0,1.2,1.0,,2.5,63.0,562.7,10.7,2.1,102.0,,0.53,0.0,0.0,0.07,0.0,0.0,0.2,0.0,,0.0,8.0,1.0,,1.0,,1.0,1.0,0
180,1.0,38.0,4.0,0.0,1.0,0.0,0.0,2.0,12.5,,6.2,0.0,8.0,,0.0,9.0,2.2,57.0,1254.4,10.3,2.8,193.0,2.4,0.35,0.0,0.0,0.03,0.0,0.0,0.5,0.0,0.49,0.0,37.0,5.0,4.7,0.0,2.0,0.21,0.34,0
183,,,4.0,1.0,2.0,0.0,0.0,7.0,77.2,21.4,11.0,0.0,8.0,5.6,1.0,5.0,,,591.3,8.1,3.3,115.0,,,0.0,0.1,0.38,0.13,0.0,0.71,,,,8.0,1.0,5.6,0.0,,1.0,1.0,0
184,1.0,48.0,2.0,1.0,4.0,1.0,0.0,10.0,85.5,8.8,8.5,0.0,12.0,4.7,1.0,0.0,0.0,0.0,0.0,0.0,0.0,0.0,0.0,0.0,0.0,,1.0,1.0,0.0,0.2,0.0,0.0,0.0,12.0,1.0,4.7,1.0,,1.0,1.0,0
186,1.0,29.0,6.0,1.0,2.0,0.0,1.0,3.0,22.2,29.3,7.4,0.0,8.0,1.0,0.0,6.0,,18.0,1129.3,16.3,2.7,293.0,6.8,0.0,0.16,0.01,0.16,0.01,0.0,,0.0,0.33,1.0,184.0,,38.4,,,0.04,0.02,0
187,1.0,,4.0,,2.0,0.0,1.0,5.0,123.6,17.8,,,4.0,,1.0,3.0,1.5,6.0,290.5,9.7,9.6,19.0,,0.33,0.33,0.3,0.83,0.42,,,0.8,0.5,0.0,,1.0,7.4,0.0,0.0,1.0,1.0,0
188,0.0,59.0,4.0,1.0,,0.0,1.0,7.0,,14.5,10.1,0.0,5.0,2.6,0.0,,2.5,16.0,563.3,13.8,8.4,26.0,1.6,0.5,0.2,,0.43,0.12,0.0,0.42,0.14,0.0,0.0,45.0,4.0,23.3,0.0,,0.11,0.11,0
189,1.0,76.0,2.0,1.0,2.0,,0.0,3.0,6.9,,2.3,0.0,14.0,21.7,,3.0,1.9,8.0,213.9,6.3,3.0,36.0,,0.37,0.0,0.02,0.37,,0.0,0.66,0.0,0.12,0.0,,1.0,,1.0,,1.0,1.0,0
191,,,3.0,2.0,1.0,0.0,0.0,2.0,6.4,5.0,3.2,0.0,5.0,1.7,0.0,0.0,1.3,2.0,,13.7,5.3,6.0,1.0,1.0,0.0,0.09,1.0,,0.0,1.0,0.5,,0.0,5.0,1.0,1.7,0.0,,1.0,1.0,0
193,,35.0,,1.0,3.0,1.0,0.0,4.0,,44.0,9.1,0.0,6.0,2.1,0.0,0.0,1.4,12.0,297.0,31.7,6.3,,1.5,0.5,0.0,0.11,0.33,0.12,0.0,0.5,,,,44.0,3.0,11.6,1.0,,0.13,0.18,0
197,0.0,31.0,4.0,1.0,2.0,0.0,0.0,,8.0,5.5,4.0,0.0,20.0,5.8,0.0,4.0,1.7,6.0,161.4,10.8,6.7,14.0,1.6,0.66,0.0,0.04,0.33,,0.5,1.0,0.0,0.16,0.0,26.0,2.0,,0.0,1.0,0.76,0.78,0
198,0.0,37.0,3.0,1.0,,1.0,1.0,9.0,209.5,17.7,23.2,0.0,21.0,10.5,1.0,0.0,1.2,2.0,29.7,8.1,4.9,5.0,1.0,1.0,1.0,1.0,1.0,1.0,0.11,0.55,0.22,,0.0,21.0,1.0,10.5,1.0,,1.0,1.0,0
199,0.0,57.0,5.0,1.0,2.0,,0.0,5.0,70.5,64.0,14.1,0.0,31.0,,1.0,1.0,1.7,,51.6,18.5,7.3,4.0,,0.75,0.0,1.0,,1.0,0.2,0.4,0.2,0.0,0.0,31.0,1.0,,0.0,0.0,1.0,1.0,0
200,0.0,35.0,4.0,1.0,4.0,1.0,,11.0,229.4,17.2,,0.0,4.0,2.3,0.0,6.0,2.2,11.0,472.9,8.6,8.4,25.0,2.3,0.09,0.0,0.39,1.0,0.48,,0.27,0.45,,1.0,26.0,2.0,32.7,0.0,0.0,0.15,0.07,0
201,0.0,,3.0,2.0,3.0,1.0,0.0,5.0,43.2,7.4,8.6,0.0,7.0,3.5,0.0,2.0,1.4,12.0,316.3,6.4,3.7,58.0,2.5,0.41,0.0,0.06,0.41,0.13,0.0,0.6,0.2,0.25,0.0,7.0,1.0,,1.0,,1.0,1.0,0
202,0.0,37.0,3.0,1.0,3.0,,1.0,9.0,,17.7,23.2,0.0,,18.5,1.0,0.0,1.2,2.0,29.7,8.1,4.9,5.0,1.0,1.0,1.0,1.0,1.0,1.0,0.11,0.55,0.22,,0.0,35.0,1.0,18.5,1.0,,1.0,1.0,0
26,0.0,28.0,3.0,1.0,2.0,0.0,2.0,23.0,95.7,14.7,4.1,0.0,34.0,5.8,1.0,,1.1,4.0,29.6,5.2,1.6,,1.5,0.5,1.0,1.0,1.0,1.0,0.34,0.3,0.13,0.25,,34.0,1.0,5.8,,,1.0,1.0,1
31,1.0,61.0,3.0,1.0,1.0,0.0,0.0,6.0,,12.8,,0.0,6.0,,0.0,1.0,1.4,6.0,150.8,8.9,5.5,19.0,,0.66,0.0,0.31,1.0,0.31,0.0,0.83,0.66,0.0,0.0,7.0,2.0,11.1,1.0,,,,1
45,1.0,77.0,2.0,0.0,2.0,0.0,0.0,9.0,93.8,15.3,10.4,0.0,13.0,12.7,1.0,2.0,1.8,6.0,156.9,9.9,7.8,11.0,1.6,0.5,0.0,0.69,1.0,0.59,0.0,0.44,0.11,,0.0,16.0,2.0,,,0.0,0.81,0.88,1
50,0.0,59.0,4.0,1.0,2.0,0.0,1.0,9.0,94.6,17.1,10.5,0.0,7.0,7.2,0.0,0.0,,1.0,20.2,12.6,,,2.0,0.0,1.0,1.0,1.0,1.0,0.0,0.55,,,,7.0,1.0,7.2,0.0,,,1.0,1
51,0.0,28.0,3.0,1.0,2.0,0.0,2.0,,95.7,,4.1,0.0,19.0,3.4,1.0,2.0,1.1,4.0,29.6,5.2,1.6,16.0,1.5,0.5,1.0,1.0,1.0,1.0,0.34,0.3,0.13,0.25,0.0,19.0,1.0,3.4,1.0,,1.0,1.0,1
52,0.0,59.0,3.0,,3.0,,0.0,2.0,3.4,2.5,1.7,0.0,42.0,15.7,0.0,1.0,1.7,,85.6,9.5,3.5,14.0,3.3,0.0,0.0,0.02,0.66,0.03,0.0,0.5,0.5,,0.0,42.0,1.0,15.7,1.0,,1.0,1.0,1
53,1.0,38.0,5.0,2.0,2.0,0.0,3.0,9.0,176.1,,19.5,0.0,,6.0,1.0,34.0,2.6,113.0,4731.1,12.4,3.5,510.0,3.3,0.26,0.08,0.02,0.07,0.03,0.22,0.44,0.22,,0.0,,1.0,6.0,0.0,1.0,1.0,,1
54,1.0,61.0,4.0,,2.0,0.0,2.0,5.0,154.4,43.2,30.8,,38.0,26.0,1.0,0.0,6.3,133.0,4958.7,16.8,12.3,63.0,1.0,0.92,1.0,0.03,0.03,0.03,0.0,0.8,0.2,0.12,0.0,38.0,1.0,26.0,1.0,2.0,1.0,,1
55,0.0,28.0,3.0,1.0,2.0,0.0,0.0,12.0,34.6,10.4,2.8,0.0,12.0,2.8,0.0,,1.2,8.0,102.1,,2.4,33.0,2.2,0.37,0.0,,,0.33,,,0.08,,0.0,12.0,1.0,2.8,0.0,,1.0,,1
56,0.0,54.0,3.0,1.0,2.0,0.0,0.0,5.0,105.0,34.4,21.0,0.0,5.0,2.5,0.0,1.0,1.6,9.0,231.7,9.3,6.2,22.0,1.6,0.55,0.0,0.49,0.55,0.45,0.0,1.0,0.2,,,5.0,1.0,2.5,0.0,,1.0,1.0,1
57,1.0,61.0,4.0,1.0,2.0,0.0,2.0,5.0,154.4,43.2,30.8,0.0,34.0,23.7,1.0,0.0,6.3,133.0,4958.7,16.8,12.3,63.0,1.0,0.92,1.0,,0.03,0.03,0.0,0.8,0.2,,0.0,34.0,1.0,23.7,1.0,2.0,,1.0,1
58,0.0,59.0,4.0,1.0,2.0,0.0,1.0,9.0,94.6,17.1,10.5,0.0,10.0,10.7,0.0,0.0,1.0,1.0,20.2,12.6,6.7,3.0,2.0,0.0,1.0,1.0,1.0,1.0,0.0,0.55,0.11,,0.0,10.0,,10.7,0.0,2.0,1.0,1.0,1
59,1.0,64.0,2.0,2.0,2.0,0.0,0.0,2.0,17.6,12.0,8.8,0.0,,17.0,0.0,0.0,0.6,1.0,33.2,4.5,16.6,3.0,1.0,1.0,0.0,1.0,1.0,0.53,0.0,0.5,0.0,,,22.0,2.0,29.7,0.0,2.0,0.86,0.57,1
60,,61.0,4.0,1.0,2.0,0.0,2.0,5.0,154.4,43.2,30.8,0.0,33.0,23.7,1.0,0.0,6.3,133.0,4958.7,,12.3,63.0,,0.92,1.0,0.03,0.03,0.03,0.0,0.8,,,0.0,33.0,1.0,23.7,1.0,2.0,1.0,1.0,1
61,0.0,59.0,3.0,2.0,3.0,,1.0,4.0,36.0,20.5,9.0,,,12.4,1.0,0.0,1.0,1.0,21.8,9.4,3.1,7.0,3.0,0.0,1.0,1.0,1.0,1.0,0.0,0.75,0.25,,0.0,43.0,2.0,,1.0,,0.97,0.97,1
62,1.0,33.0,2.0,1.0,1.0,0.0,1.0,5.0,49.6,21.4,9.9,0.0,17.0,4.1,0.0,2.0,2.3,102.0,,13.5,5.1,334.0,1.4,0.73,,0.0,0.04,0.01,0.0,0.6,0.0,0.59,1.0,97.0,5.0,31.3,1.0,2.0,0.17,0.13,1
63,1.0,,3.0,2.0,2.0,0.0,0.0,7.0,119.4,17.1,17.0,0.0,4.0,5.4,1.0,0.0,2.1,16.0,,7.3,11.1,30.0,1.4,0.68,0.0,0.25,0.43,0.16,0.0,0.57,0.85,0.0,0.0,4.0,,,0.0,,1.0,1.0,1
64,0.0,43.0,4.0,1.0,2.0,0.0,1.0,3.0,47.8,11.6,15.9,,,9.1,0.0,1.0,1.5,7.0,159.5,7.9,5.6,,1.4,0.71,1.0,0.15,0.42,0.29,0.0,0.66,0.66,,0.0,18.0,2.0,14.1,0.0,,0.55,0.64,1
65,0.0,50.0,3.0,0.0,5.0,0.0,0.0,14.0,194.8,11.5,13.9,,,19.7,0.0,5.0,,16.0,710.8,16.0,10.9,,1.7,0.5,0.0,0.15,0.87,0.27,0.21,0.42,0.5,,0.0,21.0,1.0,19.7,0.0,0.0,,1.0,1
66,0.0,43.0,3.0,1.0,4.0,1.0,0.0,4.0,34.8,,8.7,0.0,8.0,9.6,0.0,0.0,3.2,7.0,321.0,17.0,7.1,14.0,2.4,0.14,0.0,0.05,0.57,0.1,0.0,,0.25,,0.0,8.0,1.0,9.6,1.0,,1.0,1.0,1
67,1.0,31.0,,2.0,1.0,0.0,0.0,3.0,6.6,7.6,2.2,0.0,,17.8,0.0,1.0,,,267.0,,2.0,73.0,2.8,0.3,0.0,,0.23,0.02,0.33,0.33,,0.69,1.0,92.0,2.0,26.8,1.0,2.0,0.6,0.66,1
68,1.0,75.0,3.0,1.0,2.0,0.0,0.0,4.0,61.1,7.0,15.2,0.0,,,0.0,8.0,2.0,,737.8,6.7,4.7,75.0,,0.5,0.0,0.02,0.22,,,0.75,0.25,0.11,,6.0,1.0,8.7,0.0,,1.0,1.0,1
69,0.0,59.0,2.0,0.0,3.0,0.0,0.0,6.0,75.6,23.1,12.6,0.0,3.0,1.9,1.0,0.0,1.1,5.0,219.0,7.0,4.6,42.0,,0.4,0.0,0.41,1.0,0.34,0.0,0.33,0.0,,0.0,3.0,1.0,1.9,1.0,,1.0,1.0,1
75,0.0,59.0,4.0,1.0,2.0,0.0,1.0,9.0,94.6,17.1,10.5,0.0,2.0,1.3,0.0,0.0,1.0,1.0,,,6.7,3.0,2.0,0.0,1.0,1.0,1.0,1.0,0.0,0.55,0.11,0.0,0.0,2.0,1.0,1.3,,2.0,1.0,1.0,1
87,1.0,38.0,5.0,2.0,2.0,0.0,,3.0,5.8,5.3,,0.0,,12.4,,24.0,2.3,68.0,2756.6,12.4,3.2,354.0,3.5,0.22,,0.0,0.04,0.0,0.0,0.33,0.0,0.32,0.0,41.0,3.0,24.4,0.0,2.0,0.41,0.5,1
102,1.0,43.0,4.0,2.0,6.0,1.0,1.0,4.0,48.9,,12.2,0.0,18.0,9.2,,2.0,1.8,4.0,99.7,8.2,4.9,11.0,3.7,0.25,0.5,0.54,1.0,0.49,0.25,0.25,0.0,,0.0,,3.0,,0.0,,0.66,0.95,1
112,1.0,51.0,3.0,1.0,2.0,0.0,1.0,,58.7,34.4,,0.0,19.0,7.1,0.0,13.0,2.0,33.0,1066.6,10.7,2.7,190.0,3.0,,0.07,0.05,0.21,0.05,0.0,0.42,0.14,0.36,0.0,19.0,1.0,7.1,0.0,2.0,1.0,1.0,1
114,,50.0,,1.0,2.0,0.0,1.0,,125.5,,31.3,0.0,13.0,4.6,0.0,4.0,1.6,13.0,951.6,10.4,4.7,121.0,1.4,0.69,0.25,,,0.13,0.0,0.75,0.25,0.38,0.0,13.0,1.0,,,0.0,1.0,1.0,1
116,1.0,77.0,2.0,0.0,2.0,,0.0,9.0,,15.3,,0.0,23.0,,1.0,2.0,1.8,6.0,156.9,9.9,7.8,11.0,1.6,0.5,0.0,0.69,1.0,,,0.44,0.11,0.0,,,2.0,22.2,,,0.88,0.92,1
118,1.0,51.0,3.0,1.0,2.0,,1.0,7.0,58.7,34.4,8.3,,,10.5,0.0,13.0,2.0,,1066.6,10.7,2.7,190.0,3.0,0.15,,0.05,0.21,0.05,,0.42,,,0.0,28.0,1.0,10.5,0.0,2.0,1.0,1.0,1
119,1.0,54.0,4.0,1.0,2.0,0.0,1.0,6.0,50.1,18.1,8.3,0.0,29.0,11.3,1.0,0.0,1.2,11.0,239.1,6.4,1.7,105.0,,0.54,1.0,0.12,0.54,,0.0,0.83,0.0,0.63,0.0,29.0,1.0,11.3,0.0,,1.0,1.0,1
120,1.0,81.0,5.0,1.0,2.0,0.0,0.0,4.0,46.5,7.5,11.6,0.0,1.0,0.1,0.0,4.0,2.5,10.0,,4.6,8.3,14.0,1.6,0.7,,0.18,0.4,0.15,0.0,0.75,0.75,0.0,0.0,,1.0,0.1,0.0,,1.0,1.0,1
122,1.0,62.0,3.0,1.0,2.0,0.0,4.0,5.0,194.3,25.8,38.8,0.0,23.0,28.8,1.0,4.0,1.5,5.0,363.6,13.4,12.9,,2.2,0.0,1.0,0.34,,0.53,0.0,0.8,0.6,0.0,0.0,23.0,,28.8,0.0,,1.0,1.0,1
124,1.0,54.0,,1.0,2.0,0.0,1.0,6.0,,18.1,8.3,0.0,3.0,0.2,1.0,0.0,1.2,11.0,239.1,6.4,1.7,105.0,1.5,0.54,1.0,0.12,0.54,0.2,0.0,0.83,,0.63,0.0,3.0,1.0,0.2,0.0,,1.0,1.0,1
126,1.0,75.0,3.0,1.0,2.0,0.0,0.0,4.0,61.1,7.0,,0.0,4.0,2.4,0.0,8.0,2.0,18.0,737.8,6.7,4.7,75.0,1.7,0.5,0.0,0.02,0.22,0.08,0.0,0.75,0.25,,,4.0,1.0,2.4,0.0,,1.0,,1
129,,62.0,3.0,1.0,2.0,0.0,4.0,5.0,194.3,25.8,38.8,,13.0,20.1,,4.0,1.5,5.0,363.6,13.4,12.9,18.0,,0.0,1.0,0.34,1.0,0.53,0.0,0.8,,,,,1.0,20.1,0.0,,1.0,1.0,1
130,0.0,46.0,5.0,1.0,6.0,1.0,,,15.7,6.2,3.9,,70.0,,0.0,12.0,2.4,32.0,1328.3,8.8,5.2,102.0,3.2,0.15,0.0,0.01,0.12,0.01,0.0,0.25,0.25,,1.0,155.0,11.0,,1.0,,0.45,0.32,1
132,1.0,48.0,,1.0,1.0,0.0,1.0,20.0,274.7,,13.7,0.0,12.0,6.4,0.0,4.0,2.8,20.0,581.0,9.8,6.2,,,0.4,0.25,0.43,1.0,0.47,0.1,0.3,0.25,,0.0,12.0,1.0,6.4,1.0,2.0,,1.0,1
141,0.0,28.0,3.0,1.0,2.0,0.0,0.0,12.0,34.6,10.4,2.8,,31.0,6.8,0.0,3.0,1.2,,102.1,9.3,2.4,33.0,2.2,0.37,0.0,0.31,1.0,0.33,0.41,0.25,0.08,,0.0,31.0,1.0,6.8,0.0,,1.0,1.0,1
145,1.0,43.0,1.0,1.0,3.0,1.0,0.0,5.0,14.6,6.2,2.9,0.0,1.0,0.5,1.0,,0.0,0.0,,0.0,0.0,0.0,0.0,0.0,0.0,1.0,1.0,1.0,0.0,0.0,0.0,0.0,1.0,66.0,6.0,56.7,0.0,,,0.0,1
150,1.0,58.0,4.0,1.0,,0.0,0.0,2.0,5.5,4.5,2.7,0.0,3.0,,,10.0,1.6,26.0,,7.4,,101.0,2.1,,0.0,0.0,0.07,0.0,0.0,0.5,0.5,,0.0,3.0,1.0,3.2,0.0,,1.0,,1
151,0.0,40.0,4.0,2.0,4.0,,5.0,9.0,117.8,17.8,13.0,0.0,33.0,28.6,1.0,0.0,1.0,1.0,75.3,17.0,8.3,9.0,5.0,0.0,1.0,1.0,1.0,1.0,0.0,0.66,0.55,1.0,,49.0,2.0,34.9,0.0,0.0,0.67,0.81,1
152,0.0,59.0,4.0,1.0,2.0,0.0,2.0,10.0,135.8,21.5,13.5,0.0,,2.5,,3.0,2.0,9.0,337.6,,8.6,19.0,1.5,0.44,0.66,0.39,1.0,0.4,0.1,0.6,0.1,,0.0,3.0,1.0,2.5,0.0,,1.0,1.0,1
153,1.0,38.0,5.0,2.0,2.0,0.0,3.0,9.0,176.1,43.0,19.5,0.0,63.0,19.9,1.0,34.0,2.6,113.0,4731.1,12.4,3.5,510.0,3.3,0.26,0.08,0.02,0.07,0.03,0.22,0.44,0.22,,0.0,63.0,1.0,19.9,0.0,,1.0,1.0,1
154,1.0,,,,6.0,1.0,1.0,4.0,48.9,22.2,12.2,0.0,30.0,24.0,0.0,,1.8,4.0,99.7,8.2,4.9,11.0,3.7,0.25,0.5,0.54,1.0,0.49,0.25,0.25,,0.25,0.0,39.0,3.0,24.5,0.0,0.0,0.76,0.97,1
155,1.0,28.0,3.0,1.0,,0.0,1.0,13.0,166.1,,12.7,0.0,67.0,29.3,1.0,,1.3,14.0,833.7,20.0,7.0,85.0,1.2,0.78,1.0,0.14,0.92,0.19,0.0,0.07,0.0,0.14,1.0,282.0,9.0,93.9,,0.0,0.23,0.31,1
156,1.0,35.0,4.0,1.0,3.0,1.0,1.0,2.0,55.9,26.5,27.9,0.0,29.0,51.0,0.0,1.0,1.7,3.0,231.9,10.3,12.2,11.0,2.3,0.33,1.0,0.26,0.66,0.24,0.0,1.0,0.0,0.0,0.0,,4.0,90.8,1.0,,0.32,0.56,1
157,1.0,38.0,5.0,2.0,2.0,0.0,3.0,9.0,,43.0,19.5,0.0,35.0,12.1,1.0,34.0,2.6,113.0,,,3.5,510.0,3.3,0.26,,0.02,0.07,0.03,0.22,0.44,0.22,,0.0,35.0,1.0,12.1,0.0,,1.0,1.0,1
158,1.0,62.0,3.0,1.0,2.0,0.0,4.0,5.0,194.3,25.8,,0.0,22.0,27.6,1.0,4.0,1.5,5.0,363.6,13.4,12.9,18.0,2.2,0.0,1.0,0.34,1.0,0.53,0.0,0.8,0.6,,0.0,22.0,1.0,,0.0,,1.0,1.0,1
159,1.0,32.0,4.0,2.0,2.0,0.0,0.0,4.0,89.4,,22.3,0.0,6.0,12.6,0.0,2.0,1.3,4.0,,5.3,6.6,13.0,2.0,0.25,0.0,0.76,1.0,0.78,0.0,0.75,0.75,0.5,1.0,23.0,3.0,,0.0,0.0,0.26,0.41,1
160,0.0,,4.0,,4.0,1.0,6.0,10.0,202.9,25.7,20.2,0.0,,6.0,1.0,1.0,1.2,2.0,173.1,,11.5,12.0,3.5,0.0,1.0,0.87,1.0,,0.0,0.7,0.5,0.5,0.0,10.0,1.0,6.0,1.0,,1.0,,1
161,1.0,44.0,3.0,1.0,1.0,0.0,2.0,15.0,59.9,12.2,3.9,0.0,21.0,8.1,1.0,12.0,2.4,30.0,1408.0,13.3,4.1,138.0,1.7,0.53,0.16,0.04,0.5,0.04,0.0,,0.06,0.1,0.0,21.0,1.0,,,,1.0,1.0,1
162,1.0,35.0,,1.0,3.0,1.0,,2.0,55.9,26.5,27.9,0.0,35.0,55.9,0.0,1.0,1.7,3.0,,10.3,12.2,11.0,,0.33,1.0,0.26,0.66,0.24,,1.0,0.0,0.0,0.0,95.0,4.0,95.7,1.0,,0.36,0.58,1
163,1.0,29.0,6.0,1.0,2.0,0.0,0.0,2.0,3.2,9.5,1.6,0.0,8.0,1.7,0.0,4.0,1.3,13.0,722.9,,2.9,185.0,7.0,0.0,0.0,0.0,0.15,0.0,0.0,0.5,0.0,0.3,1.0,,,27.7,0.0,2.0,0.05,0.06,1
164,1.0,61.0,4.0,1.0,2.0,0.0,2.0,5.0,154.4,,30.8,0.0,,7.5,1.0,0.0,6.3,,4958.7,16.8,12.3,63.0,1.0,0.92,1.0,,0.03,0.03,0.0,0.8,0.2,,0.0,5.0,1.0,7.5,1.0,2.0,1.0,1.0,1
165,1.0,,4.0,2.0,6.0,1.0,1.0,,48.9,22.2,12.2,0.0,25.0,17.1,0.0,,1.8,4.0,99.7,8.2,4.9,11.0,3.7,0.25,0.5,0.54,1.0,0.49,0.25,0.25,0.0,0.25,0.0,34.0,3.0,17.5,0.0,,0.73,0.97,1
166,1.0,64.0,2.0,2.0,2.0,0.0,,,83.2,11.5,9.2,0.0,10.0,8.4,0.0,2.0,1.2,14.0,705.7,,5.4,103.0,,,0.5,0.11,0.64,0.11,0.0,0.44,0.33,0.21,0.0,10.0,1.0,8.4,0.0,,1.0,,1
167,0.0,21.0,5.0,1.0,3.0,0.0,0.0,4.0,4.2,5.7,,0.0,11.0,2.1,1.0,1.0,5.3,38.0,800.1,13.5,7.4,20.0,1.0,1.0,0.0,0.01,0.1,0.0,0.0,,0.25,0.21,0.0,18.0,2.0,,0.0,,0.61,0.7,1
168,1.0,28.0,3.0,1.0,2.0,0.0,,4.0,22.5,10.5,5.6,0.0,5.0,1.1,0.0,,1.2,8.0,1592.1,19.1,11.8,105.0,2.5,,0.0,0.01,0.5,0.01,0.0,0.25,0.0,1.0,1.0,83.0,,28.8,1.0,,0.06,0.03,1
169,0.0,28.0,3.0,1.0,2.0,0.0,2.0,23.0,95.7,,4.1,0.0,65.0,13.3,,2.0,1.1,4.0,29.6,5.2,1.6,16.0,1.5,0.5,1.0,1.0,1.0,1.0,0.34,0.3,0.13,0.25,0.0,65.0,1.0,,1.0,,1.0,1.0,1
174,1.0,35.0,4.0,1.0,3.0,1.0,0.0,8.0,92.0,46.8,,0.0,8.0,0.7,0.0,3.0,1.6,65.0,1997.5,17.1,3.3,370.0,,0.47,0.0,0.03,0.12,0.04,0.12,0.37,0.25,0.49,0.0,8.0,1.0,0.7,1.0,1.0,1.0,1.0,1
175,1.0,38.0,,2.0,,0.0,,9.0,176.1,43.0,19.5,0.0,72.0,20.9,1.0,34.0,2.6,113.0,4731.1,12.4,3.5,510.0,,0.26,0.08,,0.07,0.03,0.22,0.44,0.22,0.28,0.0,72.0,1.0,20.9,0.0,,1.0,1.0,1
181,1.0,50.0,4.0,1.0,2.0,0.0,2.0,,135.9,45.4,27.1,0.0,8.0,9.9,0.0,0.0,,1.0,30.0,26.0,15.0,3.0,1.0,1.0,1.0,1.0,1.0,1.0,0.0,0.8,0.2,,0.0,8.0,1.0,9.9,1.0,,1.0,1.0,1
182,1.0,61.0,4.0,1.0,2.0,0.0,1.0,3.0,108.7,,36.2,0.0,2.0,0.4,,8.0,1.7,,1033.7,12.3,8.2,71.0,1.6,0.57,0.12,0.09,,0.1,0.0,1.0,0.33,,0.0,2.0,1.0,0.4,0.0,,,1.0,1
185,1.0,51.0,3.0,1.0,,0.0,0.0,0.0,0.0,0.0,,0.0,28.0,9.6,0.0,10.0,,23.0,679.1,9.9,2.3,152.0,3.3,0.17,0.0,0.0,0.0,,0.0,0.0,,0.34,0.0,28.0,1.0,9.6,0.0,0.0,1.0,1.0,1
190,0.0,43.0,,1.0,2.0,0.0,0.0,2.0,,3.5,9.4,0.0,1.0,,0.0,0.0,1.1,4.0,88.7,7.6,4.4,17.0,1.5,0.75,,0.04,0.5,0.21,,1.0,1.0,,0.0,16.0,2.0,8.5,0.0,0.0,0.06,0.04,1
192,1.0,,3.0,1.0,2.0,0.0,1.0,8.0,132.3,9.6,16.5,0.0,4.0,2.9,,4.0,1.5,,339.7,7.8,4.6,46.0,1.4,0.71,0.25,0.13,1.0,0.38,0.25,0.5,0.12,,0.0,4.0,1.0,2.9,0.0,1.0,1.0,,1
194,,38.0,5.0,2.0,2.0,0.0,3.0,9.0,176.1,43.0,19.5,0.0,13.0,6.5,1.0,34.0,2.6,113.0,4731.1,12.4,3.5,,3.3,0.26,0.08,0.02,0.07,0.03,0.22,0.44,0.22,0.28,0.0,,1.0,6.5,0.0,,1.0,1.0,1
195,0.0,28.0,3.0,1.0,2.0,0.0,2.0,23.0,95.7,14.7,4.1,0.0,68.0,13.6,1.0,2.0,1.1,4.0,29.6,,1.6,16.0,1.5,0.5,1.0,1.0,1.0,1.0,0.34,0.3,,,0.0,68.0,,13.6,1.0,,1.0,1.0,1
196,0.0,28.0,3.0,1.0,2.0,0.0,2.0,,95.7,14.7,4.1,0.0,42.0,7.7,,2.0,1.1,,29.6,5.2,1.6,16.0,1.5,,1.0,1.0,1.0,1.0,0.34,0.3,0.13,,0.0,42.0,1.0,7.7,1.0,1.0,,1.0,1
230,0.0,36.0,4.0,1.0,4.0,1.0,1.0,6.0,95.4,,15.9,0.0,5.0,4.0,0.0,1.0,1.5,3.0,143.7,9.9,6.5,14.0,2.6,0.0,1.0,,1.0,0.66,,,0.5,0.33,0.0,25.0,2.0,13.3,1.0,0.0,,0.3,1
236,0.0,40.0,4.0,2.0,4.0,1.0,3.0,7.0,86.2,16.7,12.3,0.0,8.0,8.0,0.0,3.0,1.3,6.0,556.5,14.5,9.7,42.0,4.0,0.0,1.0,0.14,1.0,0.15,0.0,0.57,0.57,,0.0,11.0,2.0,9.6,1.0,0.0,0.72,0.83,1
238,1.0,32.0,4.0,2.0,2.0,0.0,0.0,4.0,89.4,17.5,,0.0,7.0,13.4,0.0,,1.3,4.0,113.7,5.3,6.6,13.0,,,0.0,,1.0,0.78,0.0,0.75,0.75,,1.0,24.0,3.0,31.5,0.0,,0.29,0.42,1
241,1.0,48.0,3.0,2.0,3.0,1.0,0.0,3.0,26.1,6.6,,0.0,3.0,1.1,0.0,0.0,1.7,5.0,,4.3,3.2,14.0,1.4,0.6,0.0,0.19,,0.33,0.0,0.0,0.0,,,6.0,2.0,4.4,1.0,,0.5,,1
243,0.0,28.0,3.0,1.0,2.0,0.0,1.0,20.0,67.3,13.4,3.3,,11.0,5.1,,4.0,2.0,27.0,307.8,9.7,2.9,52.0,1.7,0.59,0.25,0.26,0.74,0.21,0.35,0.3,0.15,0.11,,11.0,1.0,5.1,0.0,,1.0,1.0,1
244,1.0,30.0,3.0,1.0,1.0,0.0,0.0,3.0,1.2,5.3,,0.0,28.0,5.1,0.0,3.0,2.8,31.0,525.1,14.4,2.6,69.0,1.6,0.58,0.0,0.0,0.09,0.0,,0.33,0.0,0.19,,28.0,,,0.0,,1.0,1.0,1
245,,48.0,4.0,1.0,1.0,0.0,1.0,20.0,274.7,20.1,,0.0,2.0,1.2,0.0,4.0,2.8,20.0,581.0,9.8,6.2,33.0,1.8,0.4,0.25,0.43,1.0,0.47,0.1,0.3,0.25,1.0,0.0,2.0,1.0,1.2,1.0,2.0,1.0,1.0,1
246,1.0,77.0,2.0,0.0,2.0,0.0,0.0,9.0,93.8,15.3,10.4,0.0,4.0,3.9,1.0,2.0,1.8,6.0,156.9,9.9,7.8,11.0,1.6,0.5,0.0,0.69,1.0,0.59,0.0,0.44,0.11,,0.0,7.0,2.0,5.5,0.0,0.0,0.57,0.7,1
247,0.0,54.0,3.0,,2.0,0.0,0.0,5.0,105.0,34.4,21.0,0.0,4.0,1.7,0.0,1.0,1.6,9.0,231.7,9.3,6.2,22.0,1.6,0.55,0.0,0.49,0.55,0.45,0.0,1.0,0.2,0.11,0.0,4.0,1.0,1.7,0.0,,1.0,,1
248,1.0,28.0,3.0,1.0,2.0,,0.0,3.0,,9.6,,0.0,1.0,0.0,0.0,,,9.0,396.8,9.3,2.8,110.0,,0.11,0.0,0.02,0.33,0.01,0.0,0.0,0.0,0.55,0.0,1.0,1.0,,0.0,0.0,1.0,0.0,1
249,0.0,40.0,,2.0,4.0,1.0,6.0,10.0,202.9,25.7,20.2,0.0,11.0,6.9,1.0,1.0,1.2,2.0,173.1,19.6,11.5,12.0,3.5,,1.0,0.87,,1.0,0.0,0.7,0.5,0.5,0.0,11.0,1.0,6.9,1.0,,1.0,1.0,1
251,,32.0,3.0,1.0,2.0,0.0,0.0,5.0,,7.4,2.1,,1.0,0.0,1.0,1.0,,17.0,521.2,7.0,1.9,183.0,2.0,0.35,0.0,,,0.02,0.2,0.2,0.0,,,360.0,6.0,80.3,,0.0,0.0,,1
252,1.0,31.0,1.0,2.0,1.0,0.0,0.0,3.0,,7.6,2.2,0.0,39.0,11.7,0.0,1.0,1.7,13.0,267.0,7.1,2.0,73.0,2.8,0.3,,0.02,0.23,,0.33,0.33,0.0,0.69,1.0,75.0,2.0,,1.0,,0.52,,1
253,1.0,28.0,3.0,1.0,2.0,0.0,0.0,3.0,,9.6,,0.0,,2.2,,1.0,1.2,9.0,396.8,,2.8,110.0,3.5,0.11,,0.02,0.33,0.01,0.0,0.0,0.0,,0.0,6.0,1.0,2.2,1.0,,1.0,1.0,1
254,0.0,51.0,2.0,0.0,1.0,0.0,0.0,5.0,25.7,6.8,5.1,0.0,14.0,17.3,0.0,1.0,1.5,,411.7,8.2,3.9,65.0,2.5,0.42,0.0,0.03,0.35,0.06,0.0,0.4,0.2,0.0,0.0,15.0,2.0,17.7,0.0,0.0,0.93,0.97,1
256,,37.0,3.0,1.0,3.0,,0.0,8.0,133.5,12.8,16.6,0.0,11.0,30.9,1.0,5.0,1.9,11.0,688.9,17.1,8.9,,3.3,0.36,0.0,0.07,0.72,0.19,0.12,0.5,0.25,,0.0,30.0,3.0,37.2,0.0,,,0.83,1
257,,,5.0,1.0,6.0,1.0,0.0,4.0,15.7,6.2,3.9,,85.0,35.4,0.0,,,32.0,,8.8,5.2,102.0,3.2,0.15,0.0,0.01,0.12,0.01,0.0,0.25,0.25,,1.0,170.0,11.0,,1.0,0.0,0.5,0.39,1
258,0.0,36.0,4.0,1.0,4.0,1.0,0.0,4.0,28.9,12.0,7.2,0.0,,6.3,0.0,0.0,,1.0,36.8,,5.2,7.0,2.0,0.0,0.0,0.8,1.0,0.78,0.0,0.75,0.5,,0.0,5.0,1.0,,0.0,,1.0,1.0,1
259,1.0,31.0,1.0,,1.0,0.0,0.0,3.0,6.6,7.6,2.2,,,21.2,0.0,1.0,1.7,13.0,267.0,7.1,,73.0,2.8,,0.0,,0.23,0.02,0.33,0.33,0.0,,1.0,101.0,2.0,30.1,1.0,,0.64,0.7,1
260,0.0,54.0,,1.0,2.0,0.0,0.0,5.0,105.0,34.4,21.0,0.0,9.0,4.9,0.0,1.0,1.6,9.0,231.7,9.3,,22.0,1.6,0.55,0.0,0.49,0.55,0.45,0.0,1.0,0.2,0.11,0.0,9.0,1.0,4.9,0.0,2.0,1.0,1.0,1
261,1.0,31.0,1.0,2.0,1.0,,0.0,3.0,6.6,7.6,,0.0,20.0,5.8,0.0,1.0,1.7,13.0,267.0,7.1,2.0,73.0,2.8,0.3,0.0,0.02,0.23,0.02,0.33,0.33,0.0,0.69,1.0,37.0,2.0,10.1,1.0,,0.54,0.57,1
262,1.0,38.0,3.0,1.0,4.0,1.0,0.0,5.0,60.4,11.4,12.0,,15.0,16.2,0.0,1.0,1.4,9.0,225.0,11.6,,20.0,1.5,,0.0,0.17,,0.26,0.2,0.4,0.4,,0.0,,1.0,16.2,0.0,,1.0,1.0,1
263,1.0,51.0,,1.0,2.0,0.0,0.0,0.0,0.0,0.0,0.0,0.0,17.0,5.6,0.0,10.0,1.8,23.0,679.1,9.9,2.3,152.0,3.3,0.17,,0.0,0.0,0.0,,,0.0,0.34,0.0,17.0,1.0,5.6,0.0,,1.0,1.0,1
264,1.0,61.0,3.0,1.0,1.0,0.0,0.0,,48.1,12.8,8.0,0.0,1.0,1.0,0.0,1.0,1.4,6.0,150.8,8.9,5.5,19.0,1.3,,0.0,0.31,1.0,0.31,0.0,0.83,0.66,0.0,0.0,2.0,2.0,2.1,1.0,,0.5,0.47,1
266,1.0,,3.0,,2.0,0.0,0.0,7.0,119.4,,17.0,0.0,2.0,2.0,1.0,0.0,,,711.8,7.3,11.1,30.0,,0.68,0.0,0.25,0.43,0.16,0.0,0.57,0.85,,0.0,2.0,1.0,2.0,0.0,0.0,1.0,1.0,1
267,1.0,35.0,3.0,1.0,1.0,0.0,0.0,5.0,17.5,8.8,3.5,0.0,9.0,2.5,1.0,5.0,1.9,7.0,174.7,12.5,3.5,,,0.28,0.0,0.07,0.71,0.1,0.0,0.4,0.0,,,9.0,1.0,2.5,0.0,,1.0,1.0,1
268,1.0,48.0,4.0,1.0,1.0,0.0,1.0,20.0,274.7,20.1,13.7,,23.0,9.5,0.0,4.0,2.8,20.0,581.0,,6.2,33.0,1.8,0.4,0.25,0.43,1.0,0.47,0.1,0.3,0.25,1.0,0.0,23.0,1.0,9.5,1.0,2.0,1.0,1.0,1
284,,28.0,3.0,,2.0,0.0,1.0,13.0,166.1,25.4,12.7,0.0,25.0,9.0,1.0,0.0,1.3,14.0,833.7,20.0,7.0,85.0,1.2,0.78,,0.14,0.92,0.19,0.0,0.07,,,1.0,186.0,9.0,61.5,1.0,,0.13,0.14,1
287,,48.0,,,,0.0,1.0,20.0,274.7,20.1,13.7,0.0,16.0,7.1,0.0,4.0,,20.0,581.0,9.8,6.2,33.0,1.8,0.4,0.25,0.43,1.0,0.47,0.1,0.3,0.25,1.0,0.0,16.0,1.0,7.1,1.0,2.0,1.0,1.0,1
292,0.0,28.0,3.0,1.0,2.0,0.0,0.0,12.0,,10.4,2.8,0.0,10.0,1.9,0.0,3.0,1.2,8.0,102.1,9.3,2.4,33.0,2.2,0.37,0.0,0.31,1.0,0.33,0.41,0.25,0.08,,0.0,10.0,,1.9,0.0,,1.0,1.0,1
297,1.0,28.0,3.0,1.0,2.0,0.0,1.0,13.0,166.1,25.4,12.7,0.0,47.0,13.1,1.0,0.0,1.3,14.0,833.7,20.0,7.0,,1.2,0.78,,0.14,0.92,0.19,0.0,0.07,0.0,,1.0,244.0,9.0,74.5,1.0,,0.19,,1
307,1.0,,2.0,1.0,1.0,0.0,1.0,5.0,49.6,,9.9,0.0,2.0,1.3,0.0,,2.3,102.0,4078.6,13.5,5.1,334.0,1.4,0.73,0.5,0.0,0.04,0.01,0.0,0.6,0.0,,1.0,61.0,5.0,17.6,1.0,,0.03,0.07,1
309,1.0,29.0,6.0,1.0,2.0,0.0,0.0,2.0,3.2,9.5,1.6,0.0,21.0,4.7,0.0,4.0,1.3,13.0,722.9,18.4,2.9,,7.0,0.0,0.0,0.0,0.15,0.0,0.0,0.5,0.0,,1.0,164.0,12.0,30.7,0.0,2.0,0.12,0.15,1
311,1.0,48.0,4.0,,1.0,0.0,2.0,27.0,338.8,18.8,12.5,0.0,10.0,6.3,1.0,2.0,4.6,12.0,404.3,14.0,10.9,8.0,1.6,0.58,1.0,0.98,1.0,0.83,0.07,0.33,0.22,,0.0,10.0,1.0,6.3,1.0,,1.0,1.0,1
313,0.0,46.0,5.0,1.0,6.0,1.0,2.0,9.0,85.2,16.3,9.4,,,2.2,1.0,0.0,0.0,0.0,0.0,0.0,0.0,,0.0,0.0,1.0,1.0,1.0,1.0,0.0,0.11,0.11,,0.0,4.0,1.0,2.2,0.0,,1.0,1.0,1
318,0.0,,4.0,,4.0,1.0,,,95.4,,15.9,0.0,1.0,0.3,0.0,,1.5,3.0,143.7,9.9,6.5,14.0,2.6,0.0,1.0,0.44,1.0,0.66,,,0.5,,0.0,21.0,2.0,9.6,1.0,,0.04,0.03,1
327,0.0,36.0,4.0,1.0,4.0,1.0,1.0,6.0,95.4,16.3,15.9,0.0,2.0,0.4,0.0,1.0,,3.0,143.7,9.9,6.5,,2.6,0.0,1.0,0.44,1.0,0.66,0.0,0.83,0.5,,0.0,22.0,,9.7,1.0,0.0,0.09,0.04,1
340,1.0,28.0,3.0,1.0,2.0,0.0,1.0,13.0,166.1,25.4,12.7,0.0,71.0,30.5,1.0,0.0,1.3,14.0,833.7,20.0,7.0,85.0,,0.78,1.0,0.14,0.92,0.19,0.0,0.07,,0.14,,286.0,9.0,95.2,1.0,,0.24,0.32,1
348,1.0,38.0,5.0,2.0,2.0,0.0,3.0,9.0,176.1,43.0,19.5,0.0,44.0,16.0,1.0,34.0,2.6,113.0,4731.1,12.4,,510.0,3.3,0.26,0.08,0.02,,0.03,0.22,0.44,0.22,,0.0,44.0,1.0,16.0,0.0,,1.0,1.0,1
363,1.0,28.0,3.0,,2.0,0.0,1.0,13.0,166.1,,12.7,,43.0,,1.0,0.0,1.3,14.0,833.7,20.0,7.0,85.0,1.2,0.78,1.0,0.14,0.92,0.19,0.0,,0.0,,1.0,225.0,9.0,68.0,1.0,0.0,0.19,0.17,1
366,1.0,28.0,3.0,1.0,2.0,0.0,1.0,13.0,166.1,25.4,12.7,0.0,62.0,27.7,1.0,,1.3,14.0,,20.0,7.0,85.0,1.2,0.78,1.0,0.14,0.92,0.19,0.0,0.07,0.0,,1.0,277.0,9.0,92.4,1.0,,0.22,,1
375,,,3.0,1.0,2.0,0.0,,23.0,95.7,14.7,4.1,0.0,,,1.0,,1.1,4.0,29.6,5.2,1.6,16.0,1.5,0.5,,1.0,1.0,1.0,0.34,0.3,0.13,,0.0,2.0,1.0,0.0,1.0,,1.0,0.0,1
377,0.0,55.0,6.0,2.0,,0.0,0.0,6.0,26.3,5.3,4.3,0.0,14.0,11.8,1.0,0.0,0.0,0.0,0.0,0.0,0.0,0.0,0.0,0.0,0.0,1.0,1.0,1.0,0.0,0.16,0.16,0.0,1.0,67.0,,44.7,0.0,,0.2,0.26,1
378,1.0,60.0,5.0,2.0,2.0,0.0,0.0,,64.0,,12.8,0.0,3.0,0.6,1.0,1.0,2.1,7.0,128.8,10.6,,9.0,1.1,0.85,0.0,0.24,0.71,0.49,0.0,,0.4,0.0,0.0,3.0,1.0,,1.0,,1.0,1.0,1
380,0.0,43.0,4.0,1.0,2.0,0.0,0.0,,0.0,0.0,0.0,0.0,3.0,0.5,0.0,2.0,1.5,,780.0,10.1,6.9,,3.5,,0.0,0.0,0.0,0.0,0.0,0.0,,,1.0,23.0,,13.6,1.0,0.0,0.13,0.03,1
381,1.0,,4.0,1.0,2.0,0.0,1.0,3.0,,48.6,36.2,0.0,3.0,0.8,0.0,8.0,1.7,,1033.7,12.3,8.2,71.0,,0.57,0.12,0.09,0.14,0.1,0.0,1.0,,0.47,0.0,3.0,1.0,,0.0,0.0,,1.0,1
383,,59.0,3.0,2.0,3.0,0.0,0.0,2.0,3.4,2.5,1.7,0.0,2.0,,0.0,1.0,1.7,3.0,85.6,9.5,3.5,14.0,3.3,0.0,0.0,0.02,0.66,0.03,0.0,0.5,0.5,,0.0,2.0,1.0,0.5,,,1.0,1.0,1
386,0.0,,4.0,2.0,4.0,1.0,5.0,9.0,117.8,17.8,13.0,0.0,7.0,1.2,1.0,0.0,,1.0,75.3,17.0,,9.0,5.0,0.0,1.0,1.0,1.0,1.0,0.0,0.66,0.55,1.0,0.0,23.0,2.0,7.4,0.0,,0.3,0.16,1
388,1.0,38.0,,2.0,2.0,0.0,1.0,6.0,37.9,17.8,6.3,,,3.0,1.0,33.0,2.6,112.0,4543.2,12.3,,503.0,3.3,0.26,0.03,0.0,0.05,0.0,0.0,,,0.28,1.0,52.0,5.0,14.2,,,0.34,0.21,1
389,1.0,54.0,4.0,1.0,2.0,0.0,1.0,6.0,50.1,18.1,8.3,0.0,15.0,7.3,1.0,0.0,1.2,11.0,239.1,6.4,1.7,105.0,1.5,0.54,1.0,0.12,0.54,0.2,0.0,0.83,0.0,,0.0,15.0,1.0,7.3,0.0,2.0,1.0,,1
399,1.0,51.0,3.0,,2.0,0.0,1.0,7.0,58.7,34.4,,0.0,26.0,9.8,0.0,13.0,2.0,33.0,1066.6,,2.7,190.0,3.0,0.15,0.07,0.05,0.21,0.05,0.0,0.42,0.14,0.36,0.0,26.0,1.0,9.8,0.0,2.0,1.0,1.0,1
400,1.0,28.0,3.0,1.0,2.0,0.0,0.0,3.0,6.8,9.6,2.2,0.0,19.0,9.2,0.0,1.0,1.2,9.0,396.8,9.3,2.8,110.0,3.5,0.11,0.0,0.02,0.33,0.01,,0.0,0.0,0.55,,19.0,1.0,9.2,,0.0,1.0,1.0,1
403,1.0,29.0,6.0,1.0,2.0,0.0,0.0,2.0,3.2,9.5,1.6,0.0,27.0,6.8,,,1.3,13.0,722.9,18.4,2.9,185.0,7.0,0.0,0.0,0.0,0.15,0.0,0.0,0.5,0.0,0.3,1.0,170.0,12.0,32.8,0.0,2.0,0.15,0.2,1
452,1.0,43.0,4.0,2.0,6.0,1.0,1.0,4.0,,22.2,12.2,0.0,9.0,2.1,0.0,2.0,1.8,4.0,99.7,8.2,4.9,11.0,3.7,0.25,0.5,0.54,1.0,0.49,0.25,0.25,0.0,0.25,0.0,18.0,3.0,2.6,0.0,0.0,0.5,0.8,1
456,1.0,30.0,3.0,1.0,1.0,0.0,1.0,4.0,,14.0,,0.0,20.0,4.5,,4.0,2.8,32.0,541.1,14.5,2.6,70.0,1.6,0.59,0.25,0.01,0.12,0.01,0.25,0.5,,,0.0,65.0,5.0,17.7,0.0,2.0,0.3,0.25,1
462,,43.0,4.0,2.0,6.0,1.0,,4.0,48.9,22.2,12.2,0.0,24.0,16.4,0.0,2.0,1.8,4.0,99.7,8.2,4.9,11.0,3.7,,0.5,0.54,1.0,0.49,0.25,,0.0,0.25,0.0,33.0,3.0,16.9,,0.0,0.72,0.97,1
487,1.0,38.0,,1.0,4.0,1.0,0.0,5.0,60.4,11.4,12.0,0.0,,2.7,0.0,1.0,,9.0,225.0,11.6,8.0,20.0,1.5,0.44,0.0,0.17,0.55,0.26,0.2,0.4,,0.11,0.0,4.0,1.0,2.7,0.0,,,1.0,1
515,1.0,43.0,4.0,2.0,,1.0,,4.0,,22.2,12.2,0.0,3.0,0.2,0.0,2.0,1.8,4.0,99.7,8.2,4.9,11.0,,0.25,0.5,0.54,1.0,,,0.25,0.0,0.25,0.0,3.0,1.0,0.2,0.0,,1.0,1.0,1
523,0.0,40.0,4.0,2.0,4.0,1.0,0.0,0.0,0.0,0.0,0.0,0.0,3.0,1.1,0.0,2.0,1.1,3.0,408.8,17.0,11.0,31.0,5.6,0.0,0.0,0.0,0.0,0.0,0.0,1.0,0.0,0.66,0.0,3.0,1.0,1.1,0.0,2.0,1.0,1.0,1
524,1.0,62.0,3.0,,2.0,0.0,1.0,2.0,28.5,,14.2,0.0,19.0,50.3,0.0,1.0,1.7,2.0,80.7,10.1,11.5,4.0,2.0,0.0,1.0,0.35,1.0,0.35,0.0,1.0,0.5,,0.0,74.0,2.0,83.2,0.0,,0.25,0.6,1
525,0.0,56.0,4.0,1.0,2.0,0.0,0.0,3.0,11.6,6.3,3.8,0.0,5.0,3.1,0.0,3.0,1.3,15.0,1033.9,,6.5,116.0,5.2,0.2,0.0,0.01,0.2,0.01,0.0,0.0,0.0,0.6,0.0,23.0,3.0,17.2,1.0,,0.21,,1
529,1.0,,5.0,2.0,2.0,0.0,1.0,6.0,37.9,17.8,6.3,0.0,17.0,2.9,1.0,33.0,,,4543.2,12.3,3.4,,3.3,0.26,0.03,0.0,0.05,0.0,0.0,0.33,0.33,0.28,1.0,51.0,5.0,14.1,0.0,,0.33,0.2,1
572,0.0,,3.0,1.0,2.0,0.0,2.0,23.0,95.7,14.7,,0.0,41.0,7.7,1.0,2.0,1.1,4.0,29.6,,,16.0,1.5,0.5,1.0,1.0,1.0,,,0.3,0.13,,0.0,41.0,1.0,7.7,,,1.0,1.0,1
