,TARGET_B
0,0
1,0
2,1
3,1
4,0
5,1
6,0
7,0
8,1
9,0
10,1
11,1
12,0
13,0
14,1
15,0
16,0
17,0
18,0
19,1
20,1
21,0
22,0
23,1
24,0
25,0
26,0
27,1
28,1
29,1
30,1
31,0
32,0
33,1
34,0
35,0
36,1
37,1
38,0
39,0
40,1
41,1
42,1
43,0
44,1
45,0
46,0
47,1
48,0
49,1
50,1
51,1
52,1
53,1
54,1
55,0
56,1
57,0
58,1
59,0
60,0
61,1
62,1
63,0
64,1
65,0
66,1
67,0
68,0
69,0
70,1
71,0
72,0
73,1
74,0
75,1
76,0
77,0
78,0
79,0
80,1
81,1
82,0
83,0
84,0
85,1
86,0
87,0
88,1
89,1
90,1
91,1
92,0
93,0
94,0
95,1
96,1
97,0
98,0
99,0
100,1
101,1
102,0
103,0
104,0
105,0
106,0
107,1
108,1
109,1
110,1
111,0
112,0
113,1
114,1
115,1
116,1
117,0
118,0
119,0
120,0
121,1
122,1
123,1
124,0
125,0
126,1
127,1
128,1
129,1
130,0
131,0
132,0
133,1
134,0
135,1
136,1
137,0
138,1
139,0
140,0
141,0
142,0
143,1
144,0
145,0
146,0
147,0
148,0
149,1
150,0
151,1
152,0
153,0
154,1
155,1
156,0
157,0
158,0
159,0
160,0
161,0
162,0
163,1
164,0
165,0
166,0
167,0
168,0
169,1
170,0
171,1
172,1
173,0
174,0
175,0
176,0
177,1
178,0
179,0
180,1
181,0
182,1
183,1
184,0
185,0
186,1
187,0
188,1
189,0
190,1
191,1
192,0
193,1
194,1
195,0
196,1
197,0
198,0
199,1
200,1
201,1
202,0
203,1
204,1
205,0
206,1
207,0
208,0
209,1
210,1
211,1
212,1
213,0
214,0
215,1
216,0
217,1
218,0
219,0
220,0
221,0
222,0
223,1
224,1
225,0
226,1
227,1
228,0
229,0
230,1
231,0
232,1
233,0
234,1
235,1
236,1
237,1
238,0
239,1
240,1
241,1
242,1
243,0
244,1
245,0
246,1
247,0
248,1
249,1
250,0
251,0
252,1
253,0
254,0
255,0
256,0
257,0
258,1
259,0
260,0
261,0
262,1
263,0
264,0
265,1
266,0
267,1
268,1
269,1
270,0
271,0
272,0
273,1
274,0
275,0
276,0
277,1
278,1
279,0
280,0
281,1
282,0
283,0
284,0
285,0
286,1
287,0
288,1
289,0
290,0
291,1
292,0
293,1
294,0
295,0
296,0
297,1
298,1
299,0
300,1
301,1
302,1
303,1
304,1
305,0
306,1
307,0
308,1
309,1
310,1
311,0
312,1
313,1
314,0
315,1
316,1
317,1
318,0
319,0
320,1
321,0
322,1
323,1
324,1
325,0
326,0
327,0
328,0
329,0
330,1
331,1
332,0
333,1
334,0
335,0
336,1
337,0
338,1
339,0
340,1
341,1
342,0
343,1
344,1
345,0
346,0
347,1
348,1
349,1
350,0
351,0
352,1
353,1
354,0
355,0
356,1
357,0
358,1
359,0
360,0
361,1
362,1
363,1
364,1
365,1
366,1
367,0
368,1
369,1
370,1
371,1
372,0
373,1
374,1
375,0
376,0
377,1
378,0
379,0
380,1
381,1
382,1
383,0
384,0
385,0
386,1
387,1
388,1
389,1
390,1
391,1
392,0
393,0
394,1
395,1
396,0
397,1
398,0
399,0
400,1
401,1
402,1
403,0
404,1
405,1
406,0
407,1
408,1
409,0
410,0
411,1
412,1
413,1
414,1
415,1
416,0
417,1
418,0
419,1
420,1
421,0
422,1
423,0
424,1
425,1
426,0
427,1
428,0
429,1
430,1
431,1
432,1
433,1
434,0
435,1
436,0
437,1
438,0
439,1
440,1
441,0
442,1
443,1
444,0
445,0
446,1
447,1
448,1
449,0
450,0
451,0
452,1
453,0
454,1
455,1
456,1
457,0
458,0
459,0
460,0
461,1
462,1
463,0
464,1
465,0
466,1
467,0
468,0
469,1
470,1
471,1
472,0
473,0
474,1
475,1
476,1
477,1
478,1
479,1
480,1
481,0
482,1
483,1
484,1
485,1
486,1
487,0
488,1
489,0
490,1
491,0
492,0
493,1
494,1
495,1
496,1
497,0
498,1
499,1
500,0
501,1
502,1
503,0
504,1
505,0
506,0
507,1
508,0
509,0
510,0
511,0
512,0
513,1
514,1
515,1
516,0
517,0
518,0
519,1
520,1
521,0
522,0
523,1
524,1
525,1
526,1
527,0
528,0
529,1
530,1
531,1
532,1
533,0
534,0
535,0
536,1
537,0
538,0
539,1
540,1
541,1
542,1
543,1
544,0
545,0
546,1
547,0
548,1
549,0
550,1
551,1
552,0
553,1
554,0
555,1
556,0
557,0
558,1
559,1
560,1
561,0
562,0
563,0
564,1
565,1
566,0
567,1
568,0
569,1
570,1
571,1
572,0
573,1
574,1
575,0
576,1
577,1
578,1
579,1
580,1
581,1
582,1
583,1
584,1
585,1
586,0
587,1
588,0
589,0
590,0
591,1
592,1
593,0
594,0
595,1
596,1
597,1
598,0
599,1
600,1
601,0
602,1
603,0
604,1
605,0
606,0
607,1
608,1
609,0
610,1
611,0
612,0
613,0
614,1
615,1
616,1
617,0
618,1
619,0
620,1
621,1
622,0
623,1
624,1
625,1
626,0
627,0
628,1
629,0
630,0
631,1
632,1
633,1
634,0
635,1
636,0
637,1
638,1
639,0
640,0
641,0
642,1
643,0
644,1
645,1
646,0
647,0
648,1
649,0
650,0
651,1
652,0
653,1
654,1
655,1
656,0
657,0
658,1
659,1
660,1
661,0
662,1
663,0
664,1
665,0
666,1
667,0
668,0
669,0
670,1
671,1
672,1
673,1
674,0
675,1
676,0
677,0
678,1
679,0
680,0
681,1
682,0
683,1
684,1
685,1
686,0
687,0
688,0
689,0
690,0
691,0
692,0
693,1
694,1
695,0
696,0
697,1
698,1
699,0
700,1
701,1
702,0
703,0
704,1
705,0
706,1
707,0
708,0
709,0
710,0
711,0
712,0
713,0
714,1
715,0
716,0
717,0
718,1
719,0
720,1
721,1
722,1
723,1
724,1
725,1
726,0
727,0
728,1
729,0
730,0
731,1
732,0
733,1
734,0
735,0
736,0
737,0
738,0
739,1
740,0
741,0
742,1
743,1
744,0
745,1
746,1
747,1
748,1
749,0
750,1
751,0
752,1
753,0
754,1
755,0
756,0
757,0
758,0
759,0
760,0
761,0
762,0
763,0
764,0
765,1
766,1
767,0
768,1
769,0
770,0
771,1
772,0
773,0
774,1
775,1
776,0
777,1
778,1
779,1
780,0
781,0
782,0
783,0
784,0
785,0
786,1
787,1
788,0
789,1
790,1
791,0
792,1
793,1
794,1
795,0
796,0
797,0
798,1
799,0
800,0
801,1
802,0
803,1
804,0
805,0
806,1
807,1
808,0
809,1
810,1
811,0
812,0
813,1
814,1
815,1
816,0
817,0
818,0
819,1
820,1
821,0
822,1
823,1
824,1
825,1
826,0
827,1
828,0
829,0
830,1
831,1
832,0
833,0
834,0
835,1
836,0
837,0
838,0
839,1
840,0
841,0
842,1
843,0
844,1
845,1
846,0
847,0
848,0
849,0
850,0
851,0
852,1
853,1
854,1
855,1
856,0
857,1
858,1
859,1
860,0
861,1
862,0
863,1
864,1
865,1
866,0
867,0
868,1
869,1
870,0
871,1
872,0
873,0
874,0
875,0
876,1
877,0
878,0
879,0
880,1
881,1
882,1
883,0
884,0
885,0
886,0
887,0
888,0
889,0
890,1
891,1
892,0
893,0
894,1
895,1
896,0
897,0
898,1
899,0
900,1
901,1
902,0
903,0
904,1
905,0
906,0
907,0
908,0
909,1
910,0
911,0
912,1
913,0
914,1
915,0
916,0
917,0
918,0
919,0
920,0
921,1
922,0
923,1
924,0
925,0
926,0
927,0
928,0
929,1
930,0
931,0
932,1
933,1
934,1
935,1
936,0
937,0
938,1
939,1
940,0
941,0
942,1
943,1
944,0
945,1
946,0
947,1
948,0
949,0
950,0
951,0
952,1
953,0
954,0
955,0
956,1
957,0
958,1
959,1
960,0
961,0
962,0
963,0
964,1
965,1
966,1
967,1
968,1
969,1
970,1
971,1
972,0
973,1
974,1
975,1
976,0
977,1
978,1
979,0
980,1
981,0
982,1
983,0
984,0
985,1
986,1
987,0
988,0
989,1
990,1
991,0
992,0
993,0
994,1
995,0
996,1
997,1
998,0
999,0
1000,0
1001,1
1002,1
1003,0
1004,1
1005,1
1006,0
1007,0
1008,0
1009,1
1010,0
1011,1
1012,1
1013,0
1014,1
1015,1
1016,1
1017,1
1018,1
1019,0
1020,0
1021,1
1022,1
1023,1
1024,1
1025,0
1026,0
1027,0
1028,0
1029,0
1030,1
1031,1
1032,0
1033,0
1034,1
1035,0
1036,0
1037,0
1038,1
1039,1
1040,0
1041,0
1042,0
1043,0
1044,1
1045,1
1046,0
1047,0
1048,1
1049,1
1050,1
1051,0
1052,0
1053,1
1054,0
1055,1
1056,0
1057,1
1058,0
1059,0
1060,1
1061,0
1062,1
1063,0
1064,1
1065,1
1066,0
1067,0
1068,1
1069,0
1070,1
1071,1
1072,1
1073,1
1074,1
1075,0
1076,0
1077,1
1078,0
1079,0
1080,1
1081,0
1082,0
1083,1
1084,0
1085,0
1086,0
1087,1
1088,0
1089,1
1090,0
1091,1
1092,0
1093,1
1094,1
1095,1
1096,1
1097,0
1098,0
1099,1
1100,0
1101,0
1102,1
1103,1
1104,1
1105,1
1106,0
1107,1
1108,1
1109,1
1110,1
1111,1
1112,1
1113,0
1114,1
1115,0
1116,0
1117,0
1118,0
1119,0
1120,1
1121,1
1122,1
1123,0
1124,1
1125,0
1126,1
1127,0
1128,0
1129,0
1130,0
1131,0
1132,0
1133,1
1134,1
1135,0
1136,1
1137,0
1138,1
1139,0
1140,0
1141,1
1142,0
1143,1
1144,1
1145,1
1146,1
1147,1
1148,0
1149,1
1150,0
1151,0
1152,1
1153,1
1154,0
1155,0
1156,1
1157,1
1158,1
1159,1
1160,1
1161,0
1162,1
1163,0
1164,0
1165,1
1166,0
1167,1
1168,0
1169,0
1170,1
1171,1
1172,0
1173,1
1174,1
1175,1
1176,1
1177,1
1178,1
1179,0
1180,0
1181,1
1182,1
1183,1
1184,0
1185,1
1186,0
1187,0
1188,0
1189,0
1190,0
1191,0
1192,0
1193,1
1194,1
1195,1
1196,1
1197,0
1198,0
1199,0
1200,0
1201,0
1202,0
1203,0
1204,0
1205,0
1206,1
1207,1
1208,1
1209,1
1210,0
1211,0
1212,1
1213,0
1214,0
1215,1
1216,1
1217,0
1218,1
1219,1
1220,0
1221,0
1222,1
1223,1
1224,1
1225,0
1226,1
1227,0
1228,0
1229,1
1230,1
1231,0
1232,0
1233,1
1234,0
1235,0
1236,1
1237,0
1238,0
1239,1
1240,1
1241,1
1242,0
1243,0
1244,1
1245,1
1246,1
1247,0
1248,0
1249,1
1250,1
1251,0
1252,0
1253,1
1254,0
1255,1
1256,1
1257,1
1258,1
1259,0
1260,0
1261,0
1262,1
1263,0
1264,1
1265,1
1266,0
1267,0
1268,0
1269,1
1270,1
1271,1
1272,0
1273,0
1274,0
1275,0
1276,0
1277,0
1278,1
1279,0
1280,0
1281,0
1282,1
1283,1
1284,1
1285,1
1286,0
1287,0
1288,0
1289,1
1290,0
1291,1
1292,1
1293,1
1294,0
1295,0
1296,0
1297,1
1298,1
1299,1
1300,1
1301,0
1302,0
1303,1
1304,0
1305,0
1306,1
1307,1
1308,0
1309,1
1310,1
1311,1
1312,0
1313,0
1314,0
1315,0
1316,1
1317,1
1318,0
1319,0
1320,1
1321,0
1322,1
1323,0
1324,1
1325,1
1326,0
1327,0
1328,1
1329,1
1330,0
1331,0
1332,1
1333,1
1334,0
1335,0
1336,0
1337,1
1338,0
1339,1
1340,0
1341,0
1342,1
1343,0
1344,1
1345,0
1346,1
1347,1
1348,0
1349,0
1350,0
1351,0
1352,0
1353,1
1354,0
1355,1
1356,1
1357,1
1358,1
1359,1
1360,0
1361,1
1362,1
1363,0
1364,0
1365,0
1366,0
1367,0
1368,1
1369,0
1370,0
1371,1
1372,0
1373,1
1374,1
1375,1
1376,1
1377,0
1378,0
1379,1
1380,0
1381,1
1382,0
1383,1
1384,1
1385,1
1386,0
1387,1
1388,0
1389,0
1390,1
1391,0
1392,0
1393,1
1394,1
1395,1
1396,0
1397,0
1398,0
1399,0
1400,0
1401,0
1402,1
1403,0
1404,1
1405,1
1406,1
1407,1
1408,0
1409,0
1410,0
1411,1
1412,0
1413,1
1414,1
1415,1
1416,0
1417,0
1418,1
1419,1
1420,0
1421,0
1422,1
1423,1
1424,0
1425,1
1426,1
1427,0
1428,0
1429,1
1430,0
1431,1
1432,0
1433,0
1434,1
1435,1
1436,0
1437,1
1438,1
1439,0
1440,1
1441,1
1442,1
1443,0
1444,1
1445,0
1446,0
1447,1
1448,0
1449,0
1450,1
1451,0
1452,1
1453,1
1454,1
1455,0
1456,0
1457,1
1458,0
1459,1
1460,0
1461,0
1462,1
1463,1
1464,0
1465,1
1466,1
1467,1
1468,0
1469,1
1470,0
1471,0
1472,0
1473,1
1474,0
1475,1
1476,0
1477,0
1478,1
1479,1
1480,1
1481,1
1482,1
1483,0
1484,1
1485,1
1486,0
1487,0
1488,1
1489,0
1490,1
1491,1
1492,1
1493,1
1494,0
1495,1
1496,0
1497,1
1498,1
1499,1
1500,1
1501,1
1502,1
1503,0
1504,1
1505,1
1506,0
1507,1
1508,0
1509,1
1510,1
1511,0
1512,0
1513,0
1514,0
1515,0
1516,0
1517,0
1518,1
1519,1
1520,1
1521,0
1522,1
1523,1
1524,0
1525,0
1526,0
1527,1
1528,1
1529,0
1530,0
1531,1
1532,0
1533,1
1534,1
1535,1
1536,0
1537,1
1538,1
1539,0
1540,1
1541,0
1542,0
1543,1
1544,0
1545,1
1546,0
1547,1
1548,1
1549,0
1550,1
1551,1
1552,0
1553,1
1554,0
1555,0
1556,0
1557,0
1558,1
1559,1
1560,0
1561,1
1562,1
1563,1
1564,0
1565,1
1566,1
1567,1
1568,1
1569,0
1570,1
1571,0
1572,1
1573,1
1574,1
1575,0
1576,1
1577,1
1578,0
1579,1
1580,1
1581,0
1582,1
1583,0
1584,0
1585,1
1586,0
1587,1
1588,1
1589,0
1590,0
1591,1
1592,0
1593,1
1594,1
1595,1
1596,0
1597,1
1598,0
1599,1
1600,1
1601,0
1602,1
1603,1
1604,1
1605,1
1606,0
1607,1
1608,1
1609,0
1610,0
1611,0
1612,1
1613,1
1614,0
1615,1
1616,0
1617,1
1618,1
1619,0
1620,1
1621,0
1622,1
1623,1
1624,1
1625,1
1626,1
1627,0
1628,0
1629,1
1630,0
1631,1
1632,1
1633,1
1634,0
1635,0
1636,0
1637,0
1638,0
1639,0
1640,1
1641,0
1642,0
1643,0
1644,1
1645,1
1646,0
1647,1
1648,1
1649,1
1650,1
1651,1
1652,1
1653,1
1654,1
1655,0
1656,1
1657,0
1658,1
1659,1
1660,1
1661,0
1662,1
1663,0
1664,0
1665,0
1666,0
1667,0
1668,0
1669,0
1670,1
1671,1
1672,0
1673,0
1674,1
1675,0
1676,1
1677,1
1678,1
1679,1
1680,0
1681,0
1682,0
1683,0
1684,0
1685,1
1686,0
1687,1
1688,1
1689,0
1690,1
1691,1
1692,1
1693,0
1694,1
1695,1
1696,1
1697,1
1698,1
1699,0
1700,1
1701,1
1702,0
1703,0
1704,0
1705,1
1706,1
1707,1
1708,1
1709,0
1710,0
1711,0
1712,0
1713,1
1714,0
1715,0
1716,1
1717,0
1718,0
1719,1
1720,0
1721,0
1722,0
1723,0
1724,1
1725,1
1726,0
1727,0
1728,0
1729,1
1730,0
1731,1
1732,0
1733,1
1734,1
1735,1
1736,0
1737,1
1738,0
1739,0
1740,0
1741,1
1742,1
1743,0
1744,0
1745,1
1746,0
1747,1
1748,1
1749,0
1750,0
1751,0
1752,1
1753,1
1754,0
1755,0
1756,0
1757,1
1758,1
1759,0
1760,1
1761,0
1762,0
1763,1
1764,0
1765,0
1766,0
1767,1
1768,0
1769,1
1770,1
1771,0
1772,1
1773,1
1774,1
1775,1
1776,0
1777,0
1778,0
1779,1
1780,0
1781,0
1782,0
1783,0
1784,1
1785,1
1786,0
1787,1
1788,0
1789,0
1790,0
1791,1
1792,1
1793,1
1794,1
1795,1
1796,1
1797,0
1798,0
1799,1
1800,1
1801,1
1802,0
1803,1
1804,0
1805,0
1806,1
1807,1
1808,0
1809,1
1810,1
1811,1
1812,0
1813,1
1814,0
1815,1
1816,0
1817,1
1818,1
1819,0
1820,0
1821,0
1822,0
1823,0
1824,1
1825,1
1826,1
1827,0
1828,0
1829,1
1830,1
1831,1
1832,1
1833,0
1834,1
1835,0
1836,0
1837,0
1838,0
1839,0
1840,1
1841,0
1842,1
1843,1
1844,1
1845,0
1846,0
1847,0
1848,1
1849,1
1850,0
1851,1
1852,1
1853,0
1854,0
1855,1
1856,1
1857,0
1858,0
1859,0
1860,0
1861,1
1862,1
1863,0
1864,0
1865,0
1866,1
1867,0
1868,0
1869,1
1870,0
1871,1
1872,0
1873,0
1874,1
1875,0
1876,0
1877,0
1878,0
1879,0
1880,0
1881,1
1882,1
1883,0
1884,0
1885,0
1886,0
1887,0
1888,1
1889,1
1890,0
1891,0
1892,1
1893,1
1894,1
1895,0
1896,0
1897,0
1898,1
1899,1
1900,0
1901,1
1902,0
1903,0
1904,0
1905,1
1906,0
1907,0
1908,1
1909,0
1910,0
1911,1
1912,1
1913,1
1914,1
1915,0
1916,1
1917,1
1918,1
1919,0
1920,0
1921,0
1922,1
1923,1
1924,1
1925,0
1926,0
1927,1
1928,1
1929,0
1930,1
1931,0
1932,0
1933,0
1934,0
1935,0
1936,0
1937,0
1938,1
1939,1
1940,0
1941,0
1942,1
1943,1
1944,0
1945,0
1946,0
1947,0
1948,0
1949,0
1950,0
1951,0
1952,1
1953,0
1954,0
1955,1
1956,0
1957,0
1958,0
1959,1
1960,0
1961,0
1962,0
1963,1
1964,0
1965,1
1966,1
1967,0
1968,0
1969,0
1970,0
1971,1
1972,0
1973,1
1974,0
1975,1
1976,1
1977,1
1978,0
1979,0
1980,1
1981,1
1982,0
1983,1
1984,0
1985,0
1986,0
1987,1
1988,0
1989,1
1990,1
1991,0
1992,1
1993,0
1994,1
1995,0
1996,0
1997,0
1998,0
1999,1
2000,1
2001,0
2002,0
2003,1
2004,0
2005,1
2006,0
2007,0
2008,0
2009,0
2010,0
2011,0
2012,0
2013,0
2014,1
2015,0
2016,1
2017,1
2018,1
2019,0
2020,1
2021,1
2022,0
2023,1
2024,0
2025,1
2026,0
2027,1
2028,1
2029,1
2030,0
2031,0
2032,0
2033,0
2034,1
2035,0
2036,0
2037,0
2038,1
2039,1
2040,1
2041,1
2042,1
2043,1
2044,0
2045,1
2046,0
2047,0
2048,0
2049,0
2050,1
2051,1
2052,0
2053,0
2054,1
2055,1
2056,0
2057,1
2058,1
2059,0
2060,1
2061,0
2062,0
2063,0
2064,1
2065,0
2066,0
2067,0
2068,0
2069,0
2070,0
2071,0
2072,1
2073,1
2074,1
2075,1
2076,0
2077,0
2078,1
2079,1
2080,0
2081,0
2082,0
2083,0
2084,1
2085,1
2086,0
2087,1
2088,1
2089,0
2090,0
2091,1
2092,0
2093,1
2094,1
2095,1
2096,0
2097,1
2098,0
2099,0
2100,1
2101,0
2102,0
2103,1
2104,0
2105,0
2106,0
2107,1
2108,0
2109,1
2110,1
2111,0
2112,0
2113,1
2114,1
2115,0
2116,1
2117,0
2118,0
2119,1
2120,0
2121,0
2122,0
2123,0
2124,0
2125,1
2126,0
2127,0
2128,1
2129,1
2130,1
2131,0
2132,0
2133,1
2134,1
2135,0
2136,0
2137,0
2138,1
2139,1
2140,1
2141,0
2142,1
2143,0
2144,0
2145,1
2146,0
2147,0
2148,0
2149,0
2150,1
2151,1
2152,0
2153,1
2154,0
2155,1
2156,0
2157,0
2158,0
2159,0
2160,0
2161,1
2162,0
2163,0
2164,0
2165,0
2166,0
2167,0
2168,0
2169,1
2170,0
2171,1
2172,0
2173,0
2174,0
2175,1
2176,1
2177,1
2178,0
2179,0
2180,1
2181,0
2182,0
2183,1
2184,1
2185,0
2186,0
2187,1
2188,0
2189,1
2190,0
2191,0
2192,1
2193,0
2194,1
2195,1
2196,1
2197,1
2198,1
2199,1
2200,1
2201,1
2202,0
2203,0
2204,1
2205,1
2206,0
2207,0
2208,0
2209,0
2210,1
2211,0
2212,1
2213,0
2214,1
2215,1
2216,1
2217,1
2218,1
2219,0
2220,0
2221,1
2222,0
2223,1
2224,1
2225,1
2226,1
2227,0
2228,0
2229,0
2230,0
2231,1
2232,0
2233,0
2234,1
2235,0
2236,0
2237,1
2238,0
2239,1
2240,0
2241,0
2242,0
2243,0
2244,0
2245,0
2246,0
2247,1
2248,1
2249,1
2250,0
2251,0
2252,0
2253,0
2254,1
2255,0
2256,1
2257,1
2258,0
2259,1
2260,1
2261,0
2262,1
2263,0
2264,1
2265,1
2266,0
2267,0
2268,0
2269,0
2270,0
2271,1
2272,1
2273,0
2274,1
2275,1
2276,0
2277,1
2278,1
2279,1
2280,1
2281,1
2282,1
2283,0
2284,0
2285,0
2286,0
2287,0
2288,0
2289,1
2290,1
2291,0
2292,1
2293,1
2294,1
2295,0
2296,0
2297,1
2298,1
2299,1
2300,0
2301,0
2302,1
2303,1
2304,0
2305,1
2306,0
2307,0
2308,1
2309,0
2310,1
2311,1
2312,1
2313,1
2314,1
2315,1
2316,0
2317,0
2318,0
2319,0
2320,0
2321,1
2322,0
2323,0
2324,0
2325,1
2326,0
2327,1
2328,1
2329,1
2330,1
2331,0
2332,0
2333,1
2334,0
2335,0
2336,1
2337,0
2338,1
2339,0
2340,0
2341,1
2342,1
2343,1
2344,0
2345,1
2346,1
2347,1
2348,0
2349,0
2350,0
2351,1
2352,0
2353,1
2354,0
2355,0
2356,0
2357,1
2358,1
2359,1
2360,0
2361,1
2362,0
2363,1
2364,1
2365,0
2366,0
2367,1
2368,0
2369,1
2370,1
2371,0
2372,0
2373,0
2374,0
2375,1
2376,0
2377,0
2378,1
2379,0
2380,1
2381,1
2382,0
2383,0
2384,0
2385,1
2386,1
2387,0
2388,0
2389,1
2390,1
2391,0
2392,0
2393,0
2394,0
2395,0
2396,0
2397,0
2398,0
2399,0
2400,1
2401,1
2402,0
2403,0
2404,1
2405,0
2406,0
2407,0
2408,1
2409,0
2410,1
2411,0
2412,1
2413,1
2414,0
2415,0
2416,0
2417,0
2418,0
2419,0
2420,0
2421,1
2422,1
2423,0
2424,1
2425,0
2426,0
2427,0
2428,0
2429,0
2430,0
2431,0
2432,0
2433,1
2434,1
2435,1
2436,0
2437,0
2438,0
2439,0
2440,0
2441,0
2442,1
2443,1
2444,1
2445,1
2446,0
2447,0
2448,1
2449,0
2450,1
2451,1
2452,0
2453,0
2454,0
2455,0
2456,0
2457,1
2458,0
2459,0
2460,1
2461,0
2462,0
2463,0
2464,0
2465,0
2466,0
2467,0
2468,0
2469,1
2470,1
2471,1
2472,1
2473,0
2474,0
2475,1
2476,0
2477,1
2478,1
2479,1
2480,0
2481,1
2482,0
2483,0
2484,0
2485,0
2486,0
2487,0
2488,0
2489,1
2490,1
2491,1
2492,0
2493,1
2494,1
2495,1
2496,1
2497,0
2498,1
2499,0
2500,1
2501,0
2502,0
2503,0
2504,1
2505,0
2506,0
2507,0
2508,1
2509,1
2510,0
2511,1
2512,0
2513,0
2514,1
2515,0
2516,1
2517,0
2518,0
2519,0
2520,0
2521,0
2522,0
2523,0
2524,0
2525,1
2526,1
2527,0
2528,1
2529,1
2530,1
2531,1
2532,1
2533,1
2534,1
2535,0
2536,0
2537,0
2538,0
2539,1
2540,0
2541,1
2542,0
2543,0
2544,1
2545,1
2546,1
2547,0
2548,0
2549,0
2550,0
2551,0
2552,0
2553,0
2554,0
2555,0
2556,0
2557,0
2558,0
2559,1
2560,0
2561,0
2562,0
2563,0
2564,1
2565,1
2566,1
2567,0
2568,0
2569,1
2570,1
2571,0
2572,1
2573,1
2574,0
2575,0
2576,0
2577,0
2578,0
2579,0
2580,0
2581,0
2582,0
2583,0
2584,0
2585,0
2586,0
2587,0
2588,0
2589,1
2590,1
2591,1
2592,0
2593,1
2594,1
2595,1
2596,1
2597,0
2598,0
2599,1
2600,0
2601,0
2602,0
2603,1
2604,0
2605,1
2606,0
2607,0
2608,1
2609,0
2610,1
2611,1
2612,0
2613,0
2614,0
2615,1
2616,0
2617,0
2618,0
2619,0
2620,0
2621,0
2622,1
2623,1
2624,0
2625,1
2626,0
2627,0
2628,0
2629,1
2630,0
2631,0
2632,0
2633,0
2634,0
2635,1
2636,0
2637,1
2638,0
2639,1
2640,0
2641,0
2642,0
2643,1
2644,1
2645,0
2646,0
2647,1
2648,0
2649,0
2650,0
2651,0
2652,0
2653,1
2654,0
2655,1
2656,0
2657,1
2658,1
2659,1
2660,0
2661,1
2662,0
2663,0
2664,0
2665,1
2666,1
2667,1
2668,0
2669,0
2670,0
2671,1
2672,1
2673,1
2674,1
2675,1
2676,1
2677,0
2678,1
2679,1
2680,1
2681,0
2682,1
2683,0
2684,0
2685,1
2686,1
2687,1
2688,0
2689,0
2690,1
2691,1
2692,0
2693,1
2694,1
2695,0
2696,1
2697,0
2698,1
2699,1
2700,0
2701,1
2702,1
2703,1
2704,0
2705,1
2706,1
2707,1
2708,0
2709,1
2710,0
2711,0
2712,1
2713,1
2714,1
2715,0
2716,1
2717,0
2718,0
2719,1
2720,1
2721,1
2722,0
2723,1
2724,0
2725,0
2726,0
2727,1
2728,0
2729,1
2730,0
2731,1
2732,1
2733,1
2734,1
2735,1
2736,0
2737,0
2738,1
2739,0
2740,1
2741,0
2742,0
2743,0
2744,1
2745,1
2746,0
2747,0
2748,1
2749,0
2750,0
2751,0
2752,0
2753,1
2754,1
2755,0
2756,0
2757,1
2758,0
2759,1
2760,1
2761,0
2762,0
2763,1
2764,0
2765,1
2766,0
2767,1
2768,1
2769,0
2770,0
2771,1
2772,0
2773,0
2774,0
2775,1
2776,0
2777,0
2778,1
2779,1
2780,1
2781,0
2782,1
2783,1
2784,1
2785,1
2786,1
2787,0
2788,0
2789,0
2790,0
2791,0
2792,0
2793,0
2794,1
2795,0
2796,1
2797,1
2798,0
2799,0
2800,1
2801,0
2802,0
2803,1
2804,0
2805,1
2806,1
2807,0
2808,1
2809,0
2810,1
2811,0
2812,0
2813,0
2814,1
2815,1
2816,1
2817,0
2818,0
2819,0
2820,0
2821,1
2822,0
2823,1
2824,0
2825,1
2826,0
2827,1
2828,0
2829,0
2830,1
2831,1
2832,1
2833,0
2834,1
2835,1
2836,0
2837,0
2838,1
2839,0
2840,0
2841,0
2842,1
2843,1
2844,0
2845,0
2846,0
2847,0
2848,1
2849,0
2850,0
2851,1
2852,1
2853,0
2854,1
2855,0
2856,1
2857,0
2858,1
2859,0
2860,1
2861,1
2862,1
2863,0
2864,0
2865,0
2866,1
2867,1
2868,1
2869,1
2870,0
2871,0
2872,1
2873,0
2874,0
2875,1
2876,1
2877,0
2878,0
2879,1
2880,0
2881,1
2882,0
2883,1
2884,1
2885,0
2886,1
2887,1
2888,1
2889,1
2890,0
2891,0
2892,0
2893,0
2894,1
2895,1
2896,0
2897,1
2898,1
2899,0
2900,1
2901,0
2902,0
2903,0
2904,0
2905,0
2906,1
2907,0
2908,0
2909,1
2910,1
2911,1
2912,1
2913,0
2914,0
2915,1
2916,0
2917,0
2918,1
2919,0
2920,1
2921,0
2922,0
2923,0
2924,1
2925,0
2926,1
2927,1
2928,0
2929,0
2930,1
2931,0
2932,1
2933,1
2934,1
2935,0
2936,0
2937,0
2938,0
2939,0
2940,1
2941,1
2942,0
2943,1
2944,1
2945,1
2946,0
2947,0
2948,0
2949,0
2950,0
2951,0
2952,0
2953,0
2954,1
2955,1
2956,1
2957,1
2958,1
2959,1
2960,0
2961,0
2962,1
2963,0
2964,1
2965,0
2966,0
2967,0
2968,0
2969,0
2970,1
2971,1
2972,0
2973,0
2974,1
2975,1
2976,1
2977,0
2978,1
2979,0
2980,1
2981,0
2982,0
2983,1
2984,1
2985,1
2986,0
2987,0
2988,1
2989,0
2990,1
2991,1
2992,0
2993,1
2994,0
2995,1
2996,1
2997,0
2998,0
2999,0
3000,1
3001,1
3002,1
3003,0
3004,1
3005,1
3006,1
3007,0
3008,0
3009,1
3010,0
3011,1
3012,0
3013,0
3014,0
3015,0
3016,1
3017,0
3018,0
3019,0
3020,1
3021,1
3022,0
3023,0
3024,0
3025,1
3026,1
3027,0
3028,0
3029,0
3030,0
3031,1
3032,1
3033,0
3034,0
3035,1
3036,1
3037,1
3038,0
3039,0
3040,0
3041,1
3042,1
3043,1
3044,0
3045,0
3046,1
3047,0
3048,0
3049,0
3050,0
3051,1
3052,1
3053,1
3054,1
3055,0
3056,0
3057,0
3058,0
3059,0
3060,0
3061,1
3062,0
3063,1
3064,0
3065,1
3066,0
3067,1
3068,1
3069,0
3070,0
3071,1
3072,1
3073,1
3074,1
3075,1
3076,0
3077,1
3078,0
3079,1
3080,0
3081,0
3082,1
3083,1
3084,1
3085,1
3086,1
3087,1
3088,0
3089,0
3090,1
3091,1
3092,0
3093,0
3094,0
3095,1
3096,0
3097,1
3098,0
3099,0
3100,1
3101,1
3102,0
3103,1
3104,0
3105,1
3106,0
3107,1
3108,0
3109,1
3110,1
3111,0
3112,1
3113,1
3114,0
3115,1
3116,1
3117,1
3118,1
3119,0
3120,1
3121,1
3122,1
3123,1
3124,0
3125,0
3126,1
3127,1
3128,0
3129,1
3130,0
3131,0
3132,0
3133,0
3134,1
3135,1
3136,0
3137,0
3138,1
3139,1
3140,0
3141,0
3142,0
3143,0
3144,0
3145,1
3146,1
3147,1
3148,0
3149,0
3150,1
3151,1
3152,0
3153,1
3154,1
3155,1
3156,1
3157,0
3158,0
3159,0
3160,1
3161,1
3162,1
3163,1
3164,1
3165,1
3166,1
3167,1
3168,1
3169,0
3170,0
3171,1
3172,1
3173,0
3174,0
3175,0
3176,0
3177,1
3178,1
3179,0
3180,1
3181,0
3182,0
3183,0
3184,1
3185,1
3186,1
3187,1
3188,1
3189,0
3190,1
3191,0
3192,1
3193,1
3194,1
3195,1
3196,1
3197,1
3198,1
3199,0
3200,1
3201,0
3202,1
3203,1
3204,1
3205,1
3206,1
3207,1
3208,1
3209,0
3210,0
3211,1
3212,0
3213,1
3214,0
3215,1
3216,0
3217,1
3218,0
3219,1
3220,1
3221,0
3222,0
3223,0
3224,1
3225,1
3226,1
3227,0
3228,1
3229,1
3230,0
3231,1
3232,1
3233,1
3234,1
3235,0
3236,0
3237,1
3238,1
3239,1
3240,1
3241,0
3242,0
3243,0
3244,1
3245,0
3246,0
3247,0
3248,0
3249,0
3250,0
3251,0
3252,1
3253,0
3254,1
3255,1
3256,0
3257,0
3258,1
3259,0
3260,0
3261,1
3262,1
3263,0
3264,1
3265,0
3266,1
3267,0
3268,0
3269,1
3270,0
3271,0
3272,1
3273,0
3274,1
3275,0
3276,0
3277,0
3278,0
3279,0
3280,0
3281,0
3282,0
3283,1
3284,1
3285,0
3286,1
3287,0
3288,1
3289,0
3290,0
3291,0
3292,0
3293,0
3294,1
3295,1
3296,1
3297,0
3298,1
3299,0
3300,0
3301,0
3302,1
3303,0
3304,1
3305,0
3306,1
3307,0
3308,0
3309,1
3310,0
3311,0
3312,1
3313,1
3314,1
3315,1
3316,1
3317,1
3318,0
3319,0
3320,1
3321,1
3322,1
3323,0
3324,1
3325,1
3326,1
3327,0
3328,0
3329,0
3330,0
3331,0
3332,0
3333,1
3334,0
3335,1
3336,0
3337,0
3338,1
3339,0
3340,0
3341,0
3342,0
3343,1
3344,0
3345,1
3346,0
3347,0
3348,0
3349,0
3350,1
3351,1
3352,0
3353,1
3354,0
3355,1
3356,1
3357,1
3358,1
3359,1
3360,1
3361,0
3362,1
3363,1
3364,1
3365,0
3366,0
3367,1
3368,1
3369,1
3370,0
3371,1
3372,1
3373,0
3374,1
3375,1
3376,1
3377,0
3378,0
3379,1
3380,0
3381,0
3382,0
3383,1
3384,0
3385,1
3386,1
3387,0
3388,1
3389,1
3390,0
3391,0
3392,1
3393,1
3394,1
3395,1
3396,0
3397,0
3398,0
3399,1
3400,0
3401,1
3402,0
3403,0
3404,1
3405,1
3406,0
3407,0
3408,0
3409,0
3410,0
3411,1
3412,0
3413,0
3414,0
3415,0
3416,0
3417,0
3418,1
3419,1
3420,1
3421,1
3422,0
3423,1
3424,1
3425,0
3426,1
3427,1
3428,0
3429,0
3430,0
3431,0
3432,1
3433,1
3434,1
3435,1
3436,1
3437,0
3438,1
3439,0
3440,1
3441,0
3442,1
3443,0
3444,0
3445,1
3446,0
3447,1
3448,1
3449,1
3450,1
3451,0
3452,0
3453,1
3454,0
3455,1
3456,0
3457,0
3458,0
3459,0
3460,0
3461,0
3462,0
3463,0
3464,1
3465,0
3466,0
3467,0
3468,1
3469,0
3470,0
3471,1
3472,1
3473,1
3474,0
3475,0
3476,1
3477,0
3478,0
3479,0
3480,1
3481,0
3482,0
3483,0
3484,0
3485,0
3486,0
3487,1
3488,1
3489,0
3490,1
3491,1
3492,1
3493,0
3494,1
3495,1
3496,1
3497,1
3498,1
3499,1
3500,1
3501,0
3502,1
3503,1
3504,1
3505,0
3506,0
3507,1
3508,1
3509,1
3510,1
3511,1
3512,1
3513,0
3514,1
3515,1
3516,1
3517,1
3518,0
3519,1
3520,1
3521,1
3522,0
3523,1
3524,1
3525,0
3526,0
3527,1
3528,1
3529,0
3530,0
3531,1
3532,0
3533,0
3534,1
3535,0
3536,0
3537,1
3538,0
3539,0
3540,0
3541,0
3542,0
3543,0
3544,1
3545,0
3546,1
3547,0
3548,1
3549,1
3550,0
3551,1
3552,1
3553,0
3554,0
3555,1
3556,1
3557,0
3558,0
3559,1
3560,0
3561,1
3562,1
3563,0
3564,0
3565,0
3566,1
3567,0
3568,1
3569,0
3570,1
3571,1
3572,0
3573,0
3574,1
3575,0
3576,1
3577,0
3578,0
3579,1
3580,1
3581,1
3582,1
3583,0
3584,0
3585,1
3586,1
3587,0
3588,1
3589,0
3590,0
3591,0
3592,0
3593,1
3594,1
3595,1
3596,0
3597,1
3598,1
3599,0
3600,0
3601,1
3602,1
3603,0
3604,1
3605,0
3606,0
3607,0
3608,1
3609,1
3610,1
3611,0
3612,0
3613,0
3614,1
3615,1
3616,1
3617,1
3618,1
3619,0
3620,0
3621,1
3622,0
3623,1
3624,0
3625,0
3626,1
3627,0
3628,1
3629,0
3630,0
3631,1
3632,1
3633,0
3634,0
3635,1
3636,0
3637,1
3638,1
3639,0
3640,0
3641,0
3642,0
3643,1
3644,0
3645,0
3646,0
3647,1
3648,1
3649,1
3650,0
3651,1
3652,1
3653,1
3654,0
3655,0
3656,1
3657,0
3658,0
3659,1
3660,0
3661,0
3662,1
3663,1
3664,0
3665,0
3666,0
3667,0
3668,1
3669,0
3670,0
3671,0
3672,0
3673,0
3674,0
3675,0
3676,1
3677,0
3678,0
3679,0
3680,1
3681,1
3682,1
3683,0
3684,1
3685,0
3686,0
3687,0
3688,1
3689,0
3690,0
3691,0
3692,0
3693,1
3694,0
3695,0
3696,0
3697,1
3698,1
3699,1
3700,1
3701,1
3702,1
3703,0
3704,1
3705,0
3706,0
3707,1
3708,1
3709,0
3710,0
3711,1
3712,0
3713,1
3714,1
3715,0
3716,1
3717,1
3718,1
3719,0
3720,1
3721,1
3722,1
3723,0
3724,0
3725,1
3726,0
3727,0
3728,1
3729,0
3730,0
3731,1
3732,0
3733,1
3734,0
3735,1
3736,0
3737,0
3738,0
3739,0
3740,0
3741,0
3742,0
3743,1
3744,0
3745,0
3746,0
3747,0
3748,0
3749,1
3750,0
3751,0
3752,1
3753,1
3754,1
3755,1
3756,0
3757,0
3758,1
3759,1
3760,1
3761,0
3762,0
3763,1
3764,0
3765,0
3766,0
3767,1
3768,1
3769,1
3770,0
3771,0
3772,0
3773,1
3774,1
3775,0
3776,1
3777,1
3778,0
3779,1
3780,0
3781,0
3782,0
3783,1
3784,1
3785,0
3786,0
3787,0
3788,0
3789,0
3790,1
3791,1
3792,0
3793,0
3794,0
3795,0
3796,0
3797,1
3798,1
3799,1
3800,0
3801,0
3802,1
3803,0
3804,1
3805,1
3806,1
3807,1
3808,0
3809,1
3810,1
3811,0
3812,1
3813,0
3814,0
3815,0
3816,1
3817,1
3818,1
3819,1
3820,0
3821,0
3822,0
3823,1
3824,0
3825,0
3826,0
3827,0
3828,0
3829,1
3830,0
3831,1
3832,0
3833,0
3834,0
3835,0
3836,1
3837,1
3838,1
3839,1
3840,1
3841,0
3842,0
3843,1
3844,1
3845,1
3846,1
3847,0
3848,1
3849,0
3850,1
3851,0
3852,1
3853,1
3854,1
3855,0
3856,1
3857,1
3858,0
3859,0
3860,0
3861,0
3862,0
3863,1
3864,1
3865,1
3866,1
3867,0
3868,1
3869,1
3870,1
3871,1
3872,1
3873,1
3874,0
3875,1
3876,0
3877,1
3878,0
3879,0
3880,0
3881,1
3882,1
3883,0
3884,1
3885,1
3886,0
3887,0
3888,1
3889,0
3890,1
3891,0
3892,1
3893,1
3894,0
3895,0
3896,0
3897,1
3898,1
3899,1
3900,1
3901,1
3902,0
3903,1
3904,0
3905,0
3906,1
3907,0
3908,0
3909,1
3910,1
3911,1
3912,1
3913,0
3914,0
3915,0
3916,0
3917,0
3918,1
3919,1
3920,1
3921,1
3922,0
3923,1
3924,1
3925,1
3926,0
3927,1
3928,1
3929,0
3930,1
3931,1
3932,0
3933,1
3934,1
3935,1
3936,0
3937,1
3938,0
3939,1
3940,0
3941,1
3942,0
3943,0
3944,1
3945,0
3946,0
3947,1
3948,1
3949,0
3950,0
3951,1
3952,1
3953,1
3954,1
3955,0
3956,0
3957,1
3958,1
3959,0
3960,0
3961,0
3962,0
3963,1
3964,1
3965,1
3966,1
3967,0
3968,0
3969,1
3970,0
3971,1
3972,0
3973,1
3974,1
3975,1
3976,1
3977,1
3978,1
3979,1
3980,1
3981,0
3982,0
3983,0
3984,0
3985,1
3986,0
3987,1
3988,0
3989,1
3990,0
3991,0
3992,1
3993,1
3994,0
3995,0
3996,0
3997,1
3998,1
3999,1
4000,0
4001,1
4002,1
4003,1
4004,0
4005,0
4006,1
4007,0
4008,0
4009,0
4010,0
4011,1
4012,0
4013,0
4014,1
4015,0
4016,1
4017,0
4018,0
4019,0
4020,0
4021,0
4022,0
4023,0
4024,1
4025,0
4026,1
4027,1
4028,1
4029,0
4030,0
4031,0
4032,0
4033,0
4034,1
4035,1
4036,1
4037,1
4038,0
4039,1
4040,1
4041,0
4042,0
4043,1
4044,0
4045,0
4046,1
4047,1
4048,0
4049,1
4050,0
4051,0
4052,0
4053,1
4054,0
4055,1
4056,0
4057,1
4058,1
4059,0
4060,1
4061,1
4062,0
4063,0
4064,1
4065,0
4066,0
4067,1
4068,1
4069,1
4070,0
4071,0
4072,1
4073,0
4074,1
4075,1
4076,1
4077,0
4078,0
4079,0
4080,1
4081,0
4082,1
4083,0
4084,1
4085,0
4086,0
4087,0
4088,1
4089,1
4090,0
4091,1
4092,0
4093,1
4094,0
4095,1
4096,0
4097,0
4098,0
4099,0
4100,0
4101,0
4102,1
4103,1
4104,0
4105,1
4106,0
4107,1
4108,0
4109,0
4110,0
4111,1
4112,0
4113,0
4114,0
4115,0
4116,0
4117,1
4118,0
4119,1
4120,1
4121,0
4122,0
4123,0
4124,0
4125,0
4126,0
4127,1
4128,1
4129,0
4130,1
4131,0
4132,0
4133,0
4134,1
4135,1
4136,0
4137,1
4138,0
4139,0
4140,1
4141,1
4142,0
4143,1
4144,0
4145,0
4146,1
4147,1
4148,1
4149,0
4150,1
4151,0
4152,1
4153,1
4154,1
4155,1
4156,1
4157,0
4158,1
4159,0
4160,0
4161,0
4162,0
4163,1
4164,0
4165,1
4166,0
4167,0
4168,0
4169,0
4170,0
4171,1
4172,0
4173,1
4174,1
4175,0
4176,0
4177,0
4178,1
4179,0
4180,0
4181,0
4182,0
4183,0
4184,0
4185,1
4186,1
4187,0
4188,1
4189,1
4190,1
4191,1
4192,1
4193,1
4194,1
4195,0
4196,0
4197,1
4198,1
4199,0
4200,0
4201,0
4202,1
4203,1
4204,1
4205,0
4206,0
4207,0
4208,1
4209,1
4210,0
4211,1
4212,1
4213,1
4214,0
4215,1
4216,0
4217,1
4218,1
4219,1
4220,1
4221,0
4222,1
4223,0
4224,0
4225,0
4226,1
4227,0
4228,0
4229,1
4230,1
4231,0
4232,1
4233,1
4234,1
4235,0
4236,1
4237,0
4238,1
4239,1
4240,1
4241,1
4242,1
4243,1
4244,0
4245,0
4246,1
4247,1
4248,0
4249,0
4250,1
4251,0
4252,0
4253,0
4254,0
4255,1
4256,0
4257,0
4258,1
4259,0
4260,0
4261,0
4262,0
4263,0
4264,0
4265,1
4266,0
4267,0
4268,1
4269,0
4270,0
4271,1
4272,1
4273,1
4274,0
4275,1
4276,0
4277,0
4278,0
4279,0
4280,0
4281,0
4282,1
4283,0
4284,1
4285,1
4286,1
4287,0
4288,0
4289,0
4290,0
4291,0
4292,1
4293,1
4294,0
4295,0
4296,1
4297,0
4298,0
4299,0
4300,0
4301,1
4302,1
4303,1
4304,0
4305,0
4306,1
4307,1
4308,1
4309,0
4310,0
4311,0
4312,0
4313,0
4314,1
4315,1
4316,0
4317,1
4318,1
4319,0
4320,0
4321,1
4322,0
4323,1
4324,0
4325,0
4326,1
4327,1
4328,0
4329,1
4330,0
4331,1
4332,1
4333,1
4334,1
4335,0
4336,1
4337,1
4338,1
4339,0
4340,1
4341,1
4342,1
4343,1
4344,1
4345,1
4346,1
4347,1
4348,0
4349,0
4350,0
4351,1
4352,1
4353,0
4354,0
4355,0
4356,1
4357,0
4358,0
4359,1
4360,1
4361,0
4362,0
4363,1
4364,1
4365,1
4366,1
4367,0
4368,0
4369,1
4370,1
4371,0
4372,0
4373,0
4374,1
4375,0
4376,0
4377,1
4378,1
4379,1
4380,0
4381,1
4382,0
4383,1
4384,1
4385,0
4386,1
4387,0
4388,1
4389,1
4390,0
4391,0
4392,0
4393,0
4394,1
4395,0
4396,1
4397,0
4398,1
4399,0
4400,1
4401,1
4402,0
4403,1
4404,0
4405,1
4406,0
4407,1
4408,1
4409,1
4410,1
4411,0
4412,1
4413,1
4414,0
4415,0
4416,0
4417,0
4418,1
4419,1
4420,0
4421,0
4422,0
4423,1
4424,1
4425,1
4426,0
4427,0
4428,1
4429,0
4430,1
4431,1
4432,1
4433,1
4434,1
4435,0
4436,0
4437,1
4438,1
4439,1
4440,1
4441,1
4442,0
4443,1
4444,1
4445,1
4446,1
4447,0
4448,1
4449,0
4450,1
4451,0
4452,1
4453,0
4454,1
4455,0
4456,1
4457,0
4458,1
4459,1
4460,1
4461,0
4462,0
4463,0
4464,1
4465,0
4466,0
4467,1
4468,0
4469,1
4470,0
4471,0
4472,1
4473,0
4474,0
4475,0
4476,0
4477,0
4478,1
4479,1
4480,1
4481,0
4482,1
4483,1
4484,1
4485,0
4486,1
4487,1
4488,1
4489,0
4490,1
4491,0
4492,0
4493,0
4494,0
4495,1
4496,1
4497,0
4498,1
4499,1
4500,1
4501,0
4502,0
4503,1
4504,0
4505,1
4506,0
4507,0
4508,0
4509,0
4510,1
4511,0
4512,0
4513,1
4514,1
4515,1
4516,1
4517,1
4518,1
4519,1
4520,1
4521,0
4522,1
4523,0
4524,1
4525,0
4526,0
4527,1
4528,0
4529,0
4530,0
4531,0
4532,0
4533,0
4534,0
4535,1
4536,0
4537,1
4538,0
4539,0
4540,1
4541,0
4542,1
4543,0
4544,1
4545,0
4546,0
4547,1
4548,0
4549,0
4550,0
4551,1
4552,1
4553,0
4554,1
4555,0
4556,1
4557,0
4558,1
4559,1
4560,1
4561,1
4562,1
4563,0
4564,0
4565,0
4566,1
4567,0
4568,0
4569,1
4570,1
4571,0
4572,0
4573,1
4574,0
4575,1
4576,1
4577,1
4578,0
4579,1
4580,1
4581,0
4582,0
4583,1
4584,1
4585,0
4586,1
4587,0
4588,1
4589,0
4590,0
4591,0
4592,0
4593,0
4594,1
4595,0
4596,1
4597,0
4598,1
4599,0
4600,1
4601,0
4602,1
4603,0
4604,1
4605,0
4606,1
4607,1
4608,0
4609,1
4610,0
4611,1
4612,0
4613,0
4614,1
4615,1
4616,1
4617,0
4618,0
4619,0
4620,1
4621,1
4622,1
4623,0
4624,1
4625,0
4626,1
4627,0
4628,0
4629,1
4630,0
4631,1
4632,0
4633,0
4634,1
4635,1
4636,0
4637,1
4638,0
4639,0
4640,0
4641,0
4642,1
4643,1
4644,1
4645,0
4646,0
4647,0
4648,1
4649,0
4650,1
4651,0
4652,0
4653,0
4654,0
4655,1
4656,0
4657,0
4658,0
4659,1
4660,0
4661,0
4662,0
4663,0
4664,0
4665,0
4666,1
4667,0
4668,1
4669,1
4670,1
4671,0
4672,0
4673,1
4674,0
4675,0
4676,1
4677,0
4678,1
4679,0
4680,0
4681,1
4682,0
4683,0
4684,0
4685,0
4686,0
4687,0
4688,0
4689,0
4690,1
4691,0
4692,0
4693,1
4694,0
4695,1
4696,1
4697,1
4698,0
4699,1
4700,1
4701,0
4702,1
4703,0
4704,0
4705,0
4706,0
4707,0
4708,1
4709,0
4710,1
4711,1
4712,1
4713,1
4714,0
4715,0
4716,0
4717,0
4718,1
4719,1
4720,1
4721,0
4722,0
4723,1
4724,1
4725,1
4726,1
4727,1
4728,1
4729,1
4730,1
4731,1
4732,0
4733,0
4734,0
4735,0
4736,0
4737,1
4738,1
4739,0
4740,0
4741,1
4742,1
4743,1
4744,0
4745,0
4746,0
4747,0
4748,1
4749,1
4750,0
4751,1
4752,1
4753,0
4754,0
4755,0
4756,0
4757,1
4758,1
4759,0
4760,0
4761,1
4762,1
4763,1
4764,0
4765,1
4766,1
4767,0
4768,1
4769,0
4770,1
4771,1
4772,0
4773,1
4774,1
4775,0
4776,1
4777,0
4778,1
4779,1
4780,1
4781,1
4782,0
4783,1
4784,1
4785,0
4786,0
4787,1
4788,0
4789,1
4790,1
4791,1
4792,1
4793,1
4794,1
4795,0
4796,0
4797,0
4798,1
4799,0
4800,0
4801,0
4802,0
4803,1
4804,0
4805,0
4806,0
4807,1
4808,0
4809,1
4810,1
4811,0
4812,0
4813,1
4814,0
4815,0
4816,0
4817,0
4818,0
4819,1
4820,1
4821,1
4822,1
4823,1
4824,1
4825,1
4826,1
4827,1
4828,1
4829,1
4830,0
4831,0
4832,0
4833,1
4834,1
4835,1
4836,0
4837,0
4838,0
4839,0
4840,1
4841,1
4842,1
4843,1
4844,1
4845,1
4846,1
4847,1
4848,0
4849,1
4850,1
4851,1
4852,0
4853,1
4854,0
4855,0
4856,1
4857,0
4858,1
4859,0
4860,1
4861,0
4862,1
4863,1
4864,1
4865,0
4866,0
4867,0
4868,1
4869,1
4870,0
4871,0
4872,0
4873,0
4874,1
4875,1
4876,1
4877,1
4878,1
4879,0
4880,1
4881,0
4882,0
4883,1
4884,1
4885,1
4886,0
4887,0
4888,0
4889,1
4890,0
4891,0
4892,0
4893,0
4894,1
4895,1
4896,0
4897,1
4898,1
4899,1
4900,0
4901,0
4902,1
4903,0
4904,0
4905,1
4906,0
4907,1
4908,0
4909,0
4910,1
4911,0
4912,0
4913,0
4914,0
4915,1
4916,0
4917,1
4918,1
4919,0
4920,0
4921,0
4922,0
4923,1
4924,0
4925,0
4926,0
4927,1
4928,1
4929,1
4930,1
4931,1
4932,1
4933,1
4934,0
4935,0
4936,0
4937,0
4938,1
4939,1
4940,1
4941,1
4942,0
4943,0
4944,0
4945,0
4946,1
4947,0
4948,1
4949,0
4950,1
4951,1
4952,0
4953,1
4954,0
4955,1
4956,1
4957,1
4958,0
4959,0
4960,0
4961,0
4962,1
4963,1
4964,0
4965,0
4966,0
4967,0
4968,0
4969,0
4970,1
4971,1
4972,1
4973,1
4974,1
4975,0
4976,0
4977,0
4978,0
4979,1
4980,1
4981,0
4982,0
4983,1
4984,0
4985,0
4986,0
4987,0
4988,0
4989,1
4990,1
4991,1
4992,1
4993,1
4994,1
4995,0
4996,1
4997,1
4998,0
4999,1
5000,1
5001,1
5002,1
5003,1
5004,1
5005,0
5006,0
5007,0
5008,0
5009,0
5010,0
5011,0
5012,0
5013,1
5014,0
5015,0
5016,1
5017,0
5018,1
5019,0
5020,1
5021,1
5022,0
5023,1
5024,1
5025,0
5026,0
5027,1
5028,1
5029,1
5030,0
5031,1
5032,1
5033,0
5034,0
5035,1
5036,0
5037,0
5038,0
5039,1
5040,1
5041,1
5042,1
5043,1
5044,0
5045,1
5046,0
5047,0
5048,1
5049,0
5050,1
5051,0
5052,0
5053,1
5054,1
5055,0
5056,0
5057,0
5058,0
5059,0
5060,0
5061,1
5062,0
5063,1
5064,1
5065,0
5066,1
5067,0
5068,0
5069,0
5070,1
5071,0
5072,0
5073,1
5074,1
5075,1
5076,0
5077,0
5078,0
5079,0
5080,0
5081,0
5082,1
5083,0
5084,0
5085,0
5086,0
5087,1
5088,1
5089,1
5090,0
5091,1
5092,1
5093,1
5094,0
5095,0
5096,0
5097,1
5098,0
5099,0
5100,1
5101,0
5102,1
5103,0
5104,1
5105,1
5106,0
5107,1
5108,0
5109,0
5110,0
5111,0
5112,0
5113,0
5114,1
5115,0
5116,0
5117,0
5118,1
5119,1
5120,1
5121,1
5122,1
5123,1
5124,0
5125,0
5126,1
5127,0
5128,0
5129,0
5130,1
5131,0
5132,1
5133,1
5134,0
5135,1
5136,0
5137,1
5138,1
5139,0
5140,0
5141,0
5142,0
5143,0
5144,1
5145,0
5146,0
5147,0
5148,0
5149,1
5150,0
5151,0
5152,0
5153,0
5154,1
5155,0
5156,0
5157,1
5158,0
5159,0
5160,0
5161,0
5162,0
5163,1
5164,1
5165,1
5166,1
5167,0
5168,1
5169,1
5170,1
5171,1
5172,0
5173,0
5174,0
5175,1
5176,1
5177,1
5178,1
5179,0
5180,1
5181,0
5182,0
5183,0
5184,0
5185,1
5186,1
5187,0
5188,0
5189,0
5190,1
5191,1
5192,0
5193,0
5194,1
5195,1
5196,1
5197,1
5198,0
5199,1
5200,0
5201,0
5202,1
5203,0
5204,1
5205,0
5206,0
5207,0
5208,0
5209,0
5210,1
5211,0
5212,1
5213,0
5214,0
5215,1
5216,0
5217,1
5218,1
5219,0
5220,0
5221,0
5222,0
5223,0
5224,0
5225,0
5226,0
5227,0
5228,0
5229,0
5230,1
5231,0
5232,1
5233,0
5234,1
5235,0
5236,1
5237,0
5238,1
5239,0
5240,0
5241,0
5242,1
5243,0
5244,1
5245,1
5246,1
5247,1
5248,1
5249,1
5250,1
5251,0
5252,0
5253,0
5254,0
5255,1
5256,1
5257,0
5258,0
5259,1
5260,1
5261,1
5262,0
5263,0
5264,0
5265,1
5266,0
5267,0
5268,1
5269,0
5270,1
5271,0
5272,1
5273,1
5274,0
5275,0
5276,1
5277,0
5278,1
5279,0
5280,1
5281,0
5282,0
5283,0
5284,1
5285,1
5286,0
5287,0
5288,1
5289,0
5290,1
5291,1
5292,1
5293,0
5294,0
5295,0
5296,0
5297,0
5298,1
5299,0
5300,1
5301,1
5302,0
5303,0
5304,1
5305,0
5306,1
5307,0
5308,1
5309,0
5310,1
5311,1
5312,0
5313,0
5314,0
5315,0
5316,0
5317,0
5318,0
5319,1
5320,1
5321,0
5322,0
5323,0
5324,0
5325,1
5326,0
5327,1
5328,1
5329,1
5330,0
5331,0
5332,0
5333,1
5334,1
5335,1
5336,1
5337,1
5338,1
5339,0
5340,0
5341,0
5342,0
5343,0
5344,0
5345,1
5346,1
5347,1
5348,1
5349,0
5350,1
5351,0
5352,0
5353,1
5354,0
5355,1
5356,0
5357,0
5358,0
5359,0
5360,0
5361,1
5362,0
5363,0
5364,1
5365,0
5366,0
5367,0
5368,1
5369,0
5370,0
5371,0
5372,0
5373,0
5374,0
5375,1
5376,0
5377,0
5378,1
5379,0
5380,1
5381,1
5382,0
5383,1
5384,1
5385,1
5386,1
5387,1
5388,1
5389,0
5390,1
5391,1
5392,0
5393,0
5394,0
5395,0
5396,1
5397,1
5398,1
5399,0
5400,1
5401,0
5402,1
5403,1
5404,1
5405,0
5406,1
5407,1
5408,1
5409,0
5410,0
5411,1
5412,0
5413,1
5414,1
5415,0
5416,1
5417,0
5418,0
5419,1
5420,0
5421,1
5422,0
5423,1
5424,0
5425,0
5426,1
5427,1
5428,0
5429,0
5430,0
5431,0
5432,0
5433,0
5434,1
5435,0
5436,0
5437,0
5438,0
5439,0
5440,0
5441,1
5442,0
5443,0
5444,0
5445,0
5446,1
5447,1
5448,0
5449,1
5450,1
5451,0
5452,0
5453,1
5454,0
5455,0
5456,1
5457,0
5458,1
5459,0
5460,1
5461,0
5462,1
5463,0
5464,1
5465,0
5466,0
5467,0
5468,1
5469,1
5470,0
5471,0
5472,0
5473,1
5474,1
5475,1
5476,0
5477,0
5478,0
5479,0
5480,0
5481,0
5482,0
5483,0
5484,0
5485,0
5486,1
5487,1
5488,1
5489,0
5490,1
5491,0
5492,1
5493,1
5494,0
5495,0
5496,0
5497,0
5498,0
5499,0
5500,1
5501,1
5502,1
5503,1
5504,1
5505,0
5506,0
5507,1
5508,0
5509,0
5510,0
5511,1
5512,1
5513,1
5514,1
5515,0
5516,0
5517,0
5518,1
5519,0
5520,1
5521,0
5522,1
5523,1
5524,0
5525,1
5526,1
5527,0
5528,1
5529,1
5530,0
5531,1
5532,0
5533,0
5534,1
5535,0
5536,1
5537,1
5538,1
5539,0
5540,0
5541,0
5542,0
5543,0
5544,1
5545,1
5546,0
5547,1
5548,0
5549,1
5550,0
5551,0
5552,1
5553,1
5554,0
5555,0
5556,0
5557,1
5558,1
5559,1
5560,1
5561,0
5562,1
5563,1
5564,1
5565,1
5566,1
5567,1
5568,1
5569,1
5570,0
5571,0
5572,0
5573,1
5574,1
5575,0
5576,1
5577,1
5578,0
5579,1
5580,1
5581,0
5582,1
5583,1
5584,0
5585,1
5586,0
5587,0
5588,0
5589,0
5590,1
5591,1
5592,1
5593,1
5594,0
5595,0
5596,1
5597,1
5598,1
5599,0
5600,1
5601,0
5602,1
5603,0
5604,0
5605,1
5606,1
5607,1
5608,1
5609,1
5610,0
5611,1
5612,0
5613,0
5614,1
5615,1
5616,1
5617,0
5618,0
5619,1
5620,1
5621,0
5622,0
5623,1
5624,1
5625,1
5626,1
5627,0
5628,0
5629,1
5630,1
5631,1
5632,0
5633,1
5634,0
5635,0
5636,1
5637,0
5638,1
5639,1
5640,0
5641,0
5642,0
5643,0
5644,0
5645,0
5646,0
5647,1
5648,0
5649,0
5650,0
5651,1
5652,0
5653,1
5654,0
5655,1
5656,0
5657,1
5658,1
5659,1
5660,0
5661,1
5662,0
5663,0
5664,1
5665,0
5666,1
5667,0
5668,0
5669,0
5670,0
5671,1
5672,1
5673,1
5674,1
5675,0
5676,0
5677,0
5678,1
5679,1
5680,1
5681,1
5682,0
5683,0
5684,1
5685,0
5686,1
5687,1
5688,0
5689,1
5690,0
5691,1
5692,1
5693,1
5694,0
5695,1
5696,1
5697,0
5698,0
5699,1
5700,1
5701,1
5702,1
5703,1
5704,0
5705,0
5706,1
5707,0
5708,1
5709,1
5710,1
5711,1
5712,0
5713,0
5714,1
5715,1
5716,1
5717,1
5718,1
5719,0
5720,0
5721,0
5722,1
5723,1
5724,0
5725,0
5726,0
5727,1
5728,1
5729,0
5730,1
5731,1
5732,1
5733,1
5734,0
5735,1
5736,1
5737,1
5738,1
5739,0
5740,1
5741,0
5742,1
5743,1
5744,0
5745,1
5746,1
5747,1
5748,1
5749,1
5750,1
5751,1
5752,1
5753,1
5754,0
5755,1
5756,1
5757,0
5758,1
5759,0
5760,1
5761,1
5762,1
5763,0
5764,0
5765,1
5766,0
5767,1
5768,0
5769,1
5770,1
5771,1
5772,1
5773,1
5774,1
5775,1
5776,0
5777,0
5778,0
5779,1
5780,0
5781,0
5782,0
5783,1
5784,0
5785,1
5786,0
5787,0
5788,1
5789,1
5790,1
5791,1
5792,1
5793,0
5794,1
5795,0
5796,0
5797,0
5798,0
5799,0
5800,0
5801,1
5802,1
5803,0
5804,0
5805,0
5806,1
5807,0
5808,0
5809,1
5810,1
5811,1
5812,0
5813,1
5814,0
5815,1
5816,0
5817,0
5818,1
5819,1
5820,0
5821,0
5822,0
5823,1
5824,0
5825,1
5826,1
5827,0
5828,1
5829,1
5830,1
5831,1
5832,1
5833,1
5834,0
5835,1
5836,0
5837,1
5838,1
5839,1
5840,0
5841,1
5842,0
5843,1
5844,0
5845,0
5846,1
5847,0
5848,1
5849,1
5850,1
5851,1
5852,0
5853,1
5854,1
5855,1
5856,1
5857,1
5858,0
5859,0
5860,0
5861,0
5862,0
5863,0
5864,1
5865,1
5866,1
5867,1
5868,0
5869,0
5870,0
5871,1
5872,0
5873,0
5874,0
5875,1
5876,0
5877,0
5878,1
5879,0
5880,0
5881,1
5882,0
5883,0
5884,1
5885,0
5886,0
5887,0
5888,1
5889,0
5890,1
5891,0
5892,0
5893,1
5894,0
5895,0
5896,0
5897,0
5898,0
5899,1
5900,1
5901,1
5902,0
5903,0
5904,0
5905,0
5906,0
5907,1
5908,0
5909,0
5910,1
5911,1
5912,0
5913,0
5914,0
5915,1
5916,0
5917,0
5918,0
5919,0
5920,1
5921,1
5922,0
5923,1
5924,0
5925,1
5926,0
5927,0
5928,1
5929,0
5930,1
5931,1
5932,0
5933,0
5934,1
5935,1
5936,1
5937,0
5938,0
5939,0
5940,1
5941,1
5942,1
5943,0
5944,1
5945,0
5946,1
5947,0
5948,0
5949,0
5950,1
5951,1
5952,0
5953,1
5954,1
5955,1
5956,1
5957,0
5958,1
5959,0
5960,0
5961,1
5962,0
5963,1
5964,1
5965,1
5966,1
5967,0
5968,1
5969,1
5970,1
5971,1
5972,0
5973,1
5974,0
5975,1
5976,1
5977,1
5978,1
5979,1
5980,1
5981,0
5982,1
5983,1
5984,0
5985,1
5986,1
5987,0
5988,0
5989,0
5990,1
5991,1
5992,0
5993,0
5994,1
5995,0
5996,1
5997,0
5998,1
5999,1
6000,0
6001,0
6002,0
6003,1
6004,0
6005,1
6006,0
6007,0
6008,0
6009,1
6010,1
6011,0
6012,1
6013,0
6014,0
6015,1
6016,1
6017,0
6018,1
6019,1
6020,0
6021,1
6022,0
6023,1
6024,0
6025,1
6026,1
6027,0
6028,1
6029,1
6030,1
6031,1
6032,0
6033,0
6034,1
6035,0
6036,0
6037,0
6038,0
6039,1
6040,1
6041,1
6042,0
6043,1
6044,0
6045,0
6046,1
6047,0
6048,1
6049,0
6050,0
6051,1
6052,0
6053,1
6054,1
6055,0
6056,0
6057,0
6058,1
6059,0
6060,1
6061,1
6062,1
6063,1
6064,0
6065,0
6066,1
6067,0
6068,1
6069,0
6070,1
6071,1
6072,0
6073,0
6074,1
6075,0
6076,0
6077,0
6078,0
6079,1
6080,0
6081,1
6082,0
6083,1
6084,1
6085,0
6086,0
6087,0
6088,1
6089,1
6090,1
6091,0
6092,1
6093,0
6094,0
6095,0
6096,1
6097,0
6098,0
6099,0
6100,0
6101,1
6102,1
6103,1
6104,0
6105,1
6106,1
6107,0
6108,0
6109,0
6110,1
6111,0
6112,1
6113,0
6114,0
6115,1
6116,1
6117,0
6118,0
6119,0
6120,0
6121,0
6122,0
6123,1
6124,1
6125,1
6126,1
6127,0
6128,0
6129,0
6130,1
6131,0
6132,0
6133,1
6134,1
6135,0
6136,0
6137,1
6138,0
6139,0
6140,0
6141,0
6142,1
6143,0
6144,0
6145,0
6146,0
6147,0
6148,0
6149,1
6150,1
6151,0
6152,1
6153,1
6154,1
6155,0
6156,0
6157,1
6158,0
6159,1
6160,0
6161,0
6162,0
6163,0
6164,0
6165,0
6166,0
6167,1
6168,0
6169,0
6170,1
6171,1
6172,1
6173,1
6174,0
6175,1
6176,1
6177,1
6178,1
6179,1
6180,1
6181,0
6182,0
6183,1
6184,0
6185,0
6186,0
6187,0
6188,0
6189,0
6190,1
6191,1
6192,0
6193,0
6194,0
6195,1
6196,0
6197,1
6198,1
6199,1
6200,0
6201,0
6202,0
6203,0
6204,0
6205,0
6206,0
6207,0
6208,1
6209,0
6210,0
6211,0
6212,0
6213,1
6214,0
6215,0
6216,1
6217,1
6218,1
6219,0
6220,1
6221,1
6222,0
6223,1
6224,0
6225,0
6226,1
6227,1
6228,1
6229,0
6230,0
6231,0
6232,0
6233,0
6234,1
6235,1
6236,0
6237,0
6238,0
6239,1
6240,0
6241,0
6242,0
6243,1
6244,1
6245,1
6246,0
6247,0
6248,0
6249,0
6250,0
6251,1
6252,1
6253,1
6254,0
6255,0
6256,1
6257,1
6258,1
6259,1
6260,0
6261,1
6262,0
6263,0
6264,0
6265,1
6266,0
6267,1
6268,1
6269,1
6270,0
6271,1
6272,0
6273,1
6274,1
6275,1
6276,1
6277,1
6278,0
6279,0
6280,1
6281,1
6282,1
6283,1
6284,1
6285,0
6286,0
6287,0
6288,0
6289,0
6290,0
6291,1
6292,1
6293,1
6294,0
6295,1
6296,0
6297,1
6298,0
6299,0
6300,0
6301,1
6302,1
6303,1
6304,1
6305,1
6306,0
6307,1
6308,0
6309,1
6310,0
6311,1
6312,1
6313,1
6314,0
6315,1
6316,1
6317,0
6318,0
6319,1
6320,0
6321,0
6322,1
6323,1
6324,0
6325,1
6326,1
6327,1
6328,1
6329,1
6330,0
6331,0
6332,1
6333,1
6334,1
6335,1
6336,1
6337,0
6338,1
6339,0
6340,1
6341,1
6342,1
6343,1
6344,0
6345,0
6346,0
6347,0
6348,1
6349,1
6350,0
6351,1
6352,1
6353,1
6354,0
6355,0
6356,1
6357,1
6358,0
6359,1
6360,0
6361,0
6362,1
6363,1
6364,1
6365,0
6366,1
6367,0
6368,0
6369,0
6370,0
6371,1
6372,0
6373,1
6374,0
6375,0
6376,0
6377,1
6378,0
6379,0
6380,0
6381,0
6382,1
6383,0
6384,0
6385,1
6386,0
6387,1
6388,0
6389,0
6390,1
6391,0
6392,1
6393,0
6394,1
6395,0
6396,0
6397,1
6398,1
6399,1
6400,1
6401,1
6402,0
6403,0
6404,0
6405,1
6406,0
6407,0
6408,0
6409,1
6410,1
6411,1
6412,0
6413,1
6414,1
6415,0
6416,0
6417,1
6418,1
6419,1
6420,0
6421,0
6422,1
6423,1
6424,0
6425,1
6426,1
6427,1
6428,0
6429,0
6430,0
6431,0
6432,1
6433,0
6434,0
6435,0
6436,1
6437,0
6438,1
6439,1
6440,1
6441,1
6442,0
6443,0
6444,1
6445,1
6446,1
6447,0
6448,1
6449,1
6450,0
6451,0
6452,0
6453,1
6454,1
6455,0
6456,0
6457,0
6458,1
6459,1
6460,0
6461,1
6462,1
6463,1
6464,1
6465,0
6466,0
6467,0
6468,1
6469,1
6470,0
6471,1
6472,1
6473,0
6474,0
6475,0
6476,1
6477,1
6478,1
6479,0
6480,1
6481,0
6482,0
6483,1
6484,0
6485,0
6486,0
6487,1
6488,0
6489,1
6490,1
6491,1
6492,0
6493,1
6494,1
6495,1
6496,0
6497,0
6498,0
6499,0
6500,1
6501,0
6502,0
6503,0
6504,0
6505,1
6506,0
6507,1
6508,1
6509,0
6510,0
6511,1
6512,1
6513,0
6514,1
6515,0
6516,0
6517,0
6518,1
6519,0
6520,0
6521,1
6522,1
6523,0
6524,1
6525,0
6526,1
6527,0
6528,1
6529,1
6530,1
6531,0
6532,1
6533,0
6534,1
6535,0
6536,1
6537,0
6538,0
6539,0
6540,0
6541,1
6542,0
6543,0
6544,0
6545,1
6546,0
6547,0
6548,1
6549,1
6550,1
6551,0
6552,1
6553,1
6554,1
6555,1
6556,1
6557,0
6558,0
6559,0
6560,0
6561,0
6562,0
6563,1
6564,0
6565,1
6566,1
6567,0
6568,0
6569,1
6570,1
6571,1
6572,0
6573,0
6574,1
6575,1
6576,0
6577,1
6578,0
6579,0
6580,1
6581,1
6582,0
6583,0
6584,0
6585,1
6586,0
6587,1
6588,1
6589,0
6590,0
6591,1
6592,1
6593,1
6594,0
6595,1
6596,0
6597,1
6598,0
6599,1
6600,0
6601,1
6602,1
6603,0
6604,0
6605,0
6606,1
6607,0
6608,0
6609,0
6610,0
6611,1
6612,1
6613,0
6614,1
6615,0
6616,1
6617,0
6618,1
6619,0
6620,1
6621,1
6622,0
6623,0
6624,1
6625,1
6626,1
6627,0
6628,0
6629,0
6630,0
6631,0
6632,0
6633,0
6634,0
6635,0
6636,1
6637,0
6638,0
6639,0
6640,1
6641,1
6642,0
6643,1
6644,1
6645,0
6646,1
6647,1
6648,1
6649,0
6650,0
6651,1
6652,1
6653,0
6654,0
6655,1
6656,1
6657,0
6658,0
6659,1
6660,1
6661,1
6662,1
6663,1
6664,1
6665,1
6666,1
6667,1
6668,0
6669,0
6670,1
6671,0
6672,0
6673,0
6674,0
6675,0
6676,0
6677,1
6678,1
6679,0
6680,1
6681,0
6682,1
6683,1
6684,1
6685,0
6686,0
6687,1
6688,0
6689,1
6690,1
6691,1
6692,1
6693,0
6694,0
6695,1
6696,0
6697,0
6698,0
6699,0
6700,0
6701,1
6702,0
6703,1
6704,1
6705,1
6706,0
6707,1
6708,0
6709,1
6710,0
6711,0
6712,0
6713,1
6714,1
6715,0
6716,0
6717,1
6718,1
6719,0
6720,0
6721,0
6722,1
6723,0
6724,0
6725,0
6726,1
6727,0
6728,0
6729,0
6730,0
6731,0
6732,1
6733,1
6734,0
6735,1
6736,0
6737,0
6738,1
6739,1
6740,1
6741,0
6742,0
6743,1
6744,0
6745,0
6746,0
6747,1
6748,1
6749,1
6750,0
6751,0
6752,1
6753,0
6754,0
6755,1
6756,0
6757,0
6758,0
6759,1
6760,1
6761,1
6762,1
6763,1
6764,0
6765,1
6766,1
6767,1
6768,1
6769,0
6770,0
6771,0
6772,1
6773,0
6774,1
6775,1
6776,0
6777,1
6778,1
6779,1
6780,1
6781,0
6782,0
6783,0
6784,1
6785,1
6786,0
6787,0
6788,1
6789,1
6790,1
6791,1
6792,1
6793,1
6794,1
6795,0
6796,1
6797,1
6798,1
6799,0
6800,1
6801,1
6802,1
6803,0
6804,0
6805,0
6806,1
6807,0
6808,1
6809,1
6810,1
6811,1
6812,0
6813,1
6814,0
6815,1
6816,1
6817,1
6818,0
6819,1
6820,0
6821,0
6822,0
6823,1
6824,1
6825,1
6826,0
6827,1
6828,1
6829,1
6830,1
6831,0
6832,1
6833,0
6834,0
6835,1
6836,1
6837,1
6838,0
6839,0
6840,1
6841,0
6842,1
6843,0
6844,1
6845,1
6846,0
6847,1
6848,1
6849,1
6850,1
6851,1
6852,0
6853,1
6854,0
6855,1
6856,1
6857,0
6858,0
6859,0
6860,1
6861,0
6862,1
6863,1
6864,0
6865,1
6866,0
6867,0
6868,1
6869,0
6870,0
6871,1
6872,0
6873,1
6874,0
6875,0
6876,1
6877,1
6878,1
6879,0
6880,0
6881,0
6882,1
6883,1
6884,1
6885,1
6886,1
6887,1
6888,0
6889,1
6890,1
6891,1
6892,0
6893,1
6894,0
6895,0
6896,0
6897,0
6898,1
6899,1
6900,1
6901,1
6902,1
6903,1
6904,0
6905,0
6906,1
6907,0
6908,0
6909,0
6910,1
6911,0
6912,1
6913,0
6914,1
6915,1
6916,0
6917,0
6918,0
6919,1
6920,1
6921,1
6922,0
6923,0
6924,0
6925,1
6926,1
6927,1
6928,1
6929,1
6930,0
6931,0
6932,1
6933,1
6934,0
6935,0
6936,0
6937,1
6938,0
6939,0
6940,1
6941,0
6942,0
6943,0
6944,0
6945,1
6946,0
6947,1
6948,0
6949,1
6950,1
6951,0
6952,1
6953,0
6954,1
6955,1
6956,1
6957,1
6958,1
6959,1
6960,1
6961,1
6962,1
6963,0
6964,0
6965,1
6966,0
6967,0
6968,0
6969,0
6970,1
6971,1
6972,1
6973,1
6974,0
6975,1
6976,0
6977,1
6978,1
6979,0
6980,1
6981,0
6982,1
6983,0
6984,0
6985,1
6986,0
6987,0
6988,1
6989,0
6990,1
6991,0
6992,1
6993,1
6994,0
6995,1
6996,1
6997,1
6998,0
6999,1
7000,1
7001,1
7002,1
7003,1
7004,1
7005,0
7006,1
7007,1
7008,0
7009,1
7010,1
7011,0
7012,0
7013,1
7014,1
7015,1
7016,1
7017,0
7018,1
7019,0
7020,1
7021,0
7022,1
7023,0
7024,0
7025,0
7026,1
7027,1
7028,0
7029,1
7030,0
7031,0
7032,1
7033,0
7034,0
7035,1
7036,0
7037,0
7038,1
7039,0
7040,0
7041,0
7042,0
7043,0
7044,1
7045,1
7046,0
7047,1
7048,1
7049,0
7050,1
7051,0
7052,0
7053,0
7054,1
7055,0
7056,1
7057,0
7058,0
7059,1
7060,1
7061,1
7062,1
7063,0
7064,0
7065,0
7066,0
7067,0
7068,1
7069,1
7070,1
7071,1
7072,1
7073,1
7074,0
7075,1
7076,0
7077,0
7078,1
7079,1
7080,0
7081,0
7082,0
7083,1
7084,0
7085,1
7086,1
7087,1
7088,0
7089,1
7090,0
7091,0
7092,1
7093,1
7094,1
7095,0
7096,0
7097,1
7098,0
7099,0
7100,0
7101,1
7102,1
7103,0
7104,1
7105,0
7106,1
7107,1
7108,0
7109,1
7110,0
7111,1
7112,1
7113,1
7114,1
7115,1
7116,1
7117,0
7118,1
7119,0
7120,0
7121,0
7122,1
7123,1
7124,1
7125,1
7126,1
7127,1
7128,1
7129,1
7130,1
7131,1
7132,0
7133,0
7134,0
7135,0
7136,0
7137,1
7138,0
7139,1
7140,0
7141,1
7142,0
7143,0
7144,1
7145,1
7146,1
7147,0
7148,1
7149,0
7150,1
7151,0
7152,0
7153,0
7154,1
7155,1
7156,0
7157,1
7158,1
7159,1
7160,0
7161,1
7162,1
7163,0
7164,0
7165,0
7166,1
7167,0
7168,1
7169,0
7170,1
7171,1
7172,1
7173,1
7174,0
7175,1
7176,0
7177,0
7178,1
7179,0
7180,1
7181,0
7182,1
7183,1
7184,1
7185,1
7186,0
7187,1
7188,1
7189,0
7190,0
7191,0
7192,0
7193,0
7194,1
7195,0
7196,1
7197,0
7198,0
7199,1
7200,0
7201,1
7202,0
7203,0
7204,1
7205,0
7206,0
7207,0
7208,1
7209,0
7210,1
7211,0
7212,1
7213,1
7214,0
7215,1
7216,1
7217,1
7218,0
7219,1
7220,1
7221,1
7222,0
7223,0
7224,1
7225,1
7226,0
7227,0
7228,0
7229,0
7230,0
7231,0
7232,0
7233,1
7234,1
7235,1
7236,0
7237,1
7238,0
7239,1
7240,1
7241,0
7242,0
7243,0
7244,1
7245,1
7246,1
7247,0
7248,0
7249,0
7250,1
7251,1
7252,0
7253,0
7254,0
7255,0
7256,0
7257,1
7258,1
7259,0
7260,0
7261,0
7262,1
7263,1
7264,1
7265,0
7266,1
7267,1
7268,1
7269,0
7270,1
7271,0
7272,0
7273,1
7274,1
7275,1
7276,1
7277,0
7278,0
7279,0
7280,1
7281,1
7282,0
7283,0
7284,0
7285,1
7286,1
7287,0
7288,0
7289,0
7290,0
7291,1
7292,1
7293,0
7294,0
7295,1
7296,0
7297,1
7298,0
7299,0
7300,0
7301,1
7302,1
7303,0
7304,0
7305,0
7306,0
7307,0
7308,0
7309,0
7310,0
7311,1
7312,0
7313,1
7314,1
7315,0
7316,1
7317,1
7318,0
7319,1
7320,1
7321,0
7322,1
7323,1
7324,1
7325,1
7326,1
7327,0
7328,1
7329,0
7330,1
7331,0
7332,0
7333,0
7334,0
7335,1
7336,1
7337,1
7338,0
7339,1
7340,1
7341,0
7342,1
7343,0
7344,1
7345,0
7346,0
7347,1
7348,0
7349,0
7350,0
7351,1
7352,0
7353,0
7354,1
7355,0
7356,0
7357,0
7358,1
7359,0
7360,1
7361,1
7362,1
7363,1
7364,1
7365,0
7366,1
7367,0
7368,1
7369,0
7370,0
7371,0
7372,0
7373,1
7374,1
7375,0
7376,1
7377,1
7378,0
7379,1
7380,0
7381,1
7382,0
7383,1
7384,0
7385,1
7386,1
7387,1
7388,1
7389,1
7390,1
7391,1
7392,1
7393,1
7394,1
7395,0
7396,0
7397,1
7398,1
7399,0
7400,1
7401,0
7402,1
7403,0
7404,0
7405,1
7406,1
7407,0
7408,1
7409,0
7410,1
7411,1
7412,1
7413,1
7414,0
7415,0
7416,0
7417,0
7418,0
7419,1
7420,1
7421,0
7422,0
7423,1
7424,0
7425,0
7426,1
7427,1
7428,1
7429,1
7430,0
7431,1
7432,1
7433,1
7434,1
7435,1
7436,0
7437,1
7438,1
7439,1
7440,0
7441,1
7442,1
7443,0
7444,1
7445,1
7446,1
7447,0
7448,1
7449,0
7450,0
7451,1
7452,0
7453,1
7454,0
7455,1
7456,1
7457,1
7458,1
7459,0
7460,0
7461,0
7462,1
7463,1
7464,0
7465,1
7466,0
7467,1
7468,0
7469,0
7470,1
7471,1
7472,0
7473,1
7474,0
7475,1
7476,1
7477,0
7478,0
7479,1
7480,1
7481,0
7482,1
7483,1
7484,1
7485,1
7486,0
7487,1
7488,1
7489,0
7490,1
7491,1
7492,1
7493,1
7494,0
7495,1
7496,0
7497,0
7498,1
7499,1
7500,0
7501,0
7502,1
7503,1
7504,1
7505,1
7506,0
7507,0
7508,1
7509,0
7510,1
7511,1
7512,1
7513,0
7514,1
7515,0
7516,1
7517,0
7518,0
7519,0
7520,0
7521,0
7522,0
7523,1
7524,1
7525,1
7526,0
7527,1
7528,1
7529,1
7530,0
7531,0
7532,1
7533,1
7534,0
7535,0
7536,0
7537,0
7538,0
7539,1
7540,0
7541,0
7542,1
7543,1
7544,1
7545,1
7546,1
7547,1
7548,1
7549,1
7550,0
7551,0
7552,1
7553,0
7554,1
7555,1
7556,0
7557,1
7558,1
7559,1
7560,1
7561,1
7562,0
7563,1
7564,1
7565,0
7566,1
7567,1
7568,1
7569,0
7570,1
7571,1
7572,0
7573,1
7574,0
7575,0
7576,0
7577,1
7578,1
7579,1
7580,1
7581,1
7582,1
7583,0
7584,1
7585,1
7586,1
7587,1
7588,1
7589,1
7590,1
7591,1
7592,0
7593,1
7594,1
7595,0
7596,0
7597,1
7598,0
7599,0
7600,1
7601,0
7602,0
7603,1
7604,0
7605,1
7606,1
7607,1
7608,1
7609,1
7610,0
7611,0
7612,1
7613,1
7614,0
7615,0
7616,1
7617,1
7618,1
7619,0
7620,1
7621,0
7622,1
7623,0
7624,1
7625,1
7626,1
7627,0
7628,0
7629,1
7630,0
7631,0
7632,1
7633,0
7634,0
7635,1
7636,0
7637,1
7638,1
7639,0
7640,1
7641,1
7642,1
7643,0
7644,0
7645,0
7646,0
7647,1
7648,1
7649,1
7650,1
7651,0
7652,0
7653,1
7654,1
7655,0
7656,0
7657,0
7658,1
7659,0
7660,0
7661,0
7662,1
7663,0
7664,1
7665,1
7666,0
7667,1
7668,0
7669,1
7670,0
7671,0
7672,0
7673,0
7674,0
7675,0
7676,0
7677,1
7678,1
7679,0
7680,0
7681,0
7682,0
7683,0
7684,1
7685,1
7686,1
7687,0
7688,0
7689,1
7690,1
7691,1
7692,0
7693,0
7694,1
7695,1
7696,0
7697,1
7698,0
7699,0
7700,0
7701,0
7702,0
7703,1
7704,1
7705,1
7706,0
7707,0
7708,1
7709,1
7710,1
7711,0
7712,0
7713,0
7714,0
7715,1
7716,1
7717,0
7718,1
7719,0
7720,0
7721,1
7722,0
7723,1
7724,1
7725,0
7726,0
7727,0
7728,1
7729,0
7730,1
7731,0
7732,1
7733,0
7734,1
7735,1
7736,0
7737,0
7738,0
7739,1
7740,1
7741,0
7742,0
7743,0
7744,0
7745,1
7746,0
7747,0
7748,0
7749,0
7750,0
7751,1
7752,1
7753,0
7754,0
7755,1
7756,1
7757,1
7758,1
7759,1
7760,0
7761,0
7762,1
7763,0
7764,1
7765,1
7766,0
7767,0
7768,0
7769,0
7770,0
7771,0
7772,1
7773,1
7774,0
7775,0
7776,0
7777,1
7778,0
7779,1
7780,1
7781,0
7782,1
7783,0
7784,1
7785,1
7786,0
7787,0
7788,0
7789,1
7790,1
7791,1
7792,1
7793,0
7794,0
7795,0
7796,0
7797,1
7798,1
7799,1
7800,1
7801,1
7802,0
7803,0
7804,0
7805,1
7806,0
7807,1
7808,1
7809,1
7810,0
7811,1
7812,0
7813,0
7814,0
7815,1
7816,1
7817,0
7818,0
7819,0
7820,0
7821,1
7822,0
7823,0
7824,0
7825,0
7826,1
7827,1
7828,0
7829,1
7830,0
7831,1
7832,1
7833,0
7834,0
7835,0
7836,0
7837,0
7838,1
7839,1
7840,1
7841,1
7842,1
7843,1
7844,1
7845,0
7846,0
7847,0
7848,1
7849,0
7850,1
7851,1
7852,1
7853,1
7854,1
7855,1
7856,1
7857,0
7858,1
7859,1
7860,0
7861,1
7862,1
7863,1
7864,0
7865,0
7866,1
7867,0
7868,0
7869,0
7870,0
7871,1
7872,1
7873,0
7874,1
7875,0
7876,1
7877,1
7878,0
7879,0
7880,0
7881,0
7882,0
7883,1
7884,1
7885,1
7886,1
7887,0
7888,1
7889,1
7890,1
7891,1
7892,1
7893,1
7894,1
7895,1
7896,1
7897,0
7898,1
7899,0
7900,0
7901,1
7902,1
7903,1
7904,0
7905,0
7906,1
7907,1
7908,0
7909,1
7910,1
7911,1
7912,0
7913,0
7914,1
7915,1
7916,1
7917,0
7918,1
7919,1
7920,0
7921,1
7922,1
7923,0
7924,1
7925,1
7926,1
7927,0
7928,1
7929,1
7930,0
7931,1
7932,1
7933,1
7934,0
7935,1
7936,0
7937,0
7938,1
7939,0
7940,1
7941,1
7942,1
7943,1
7944,1
7945,1
7946,0
7947,1
7948,0
7949,1
7950,1
7951,1
7952,0
7953,1
7954,1
7955,1
7956,1
7957,0
7958,1
7959,0
7960,1
7961,1
7962,1
7963,1
7964,1
7965,0
7966,1
7967,0
7968,1
7969,1
7970,0
7971,0
7972,0
7973,1
7974,1
7975,1
7976,1
7977,0
7978,0
7979,1
7980,0
7981,1
7982,0
7983,1
7984,0
7985,0
7986,0
7987,1
7988,1
7989,0
7990,0
7991,0
7992,1
7993,0
7994,1
7995,1
7996,1
7997,1
7998,1
7999,1
8000,1
8001,1
8002,0
8003,0
8004,0
8005,0
8006,1
8007,0
8008,0
8009,0
8010,0
8011,0
8012,1
8013,1
8014,1
8015,1
8016,0
8017,1
8018,1
8019,1
8020,0
8021,1
8022,0
8023,1
8024,1
8025,0
8026,0
8027,1
8028,0
8029,1
8030,0
8031,1
8032,0
8033,1
8034,1
8035,0
8036,1
8037,1
8038,1
8039,0
8040,0
8041,0
8042,1
8043,0
8044,1
8045,1
8046,1
8047,0
8048,0
8049,1
8050,0
8051,1
8052,1
8053,1
8054,0
8055,1
8056,0
8057,1
8058,1
8059,1
8060,0
8061,0
8062,1
8063,0
8064,1
8065,1
8066,1
8067,1
8068,1
8069,1
8070,1
8071,1
8072,1
8073,1
8074,0
8075,0
8076,0
8077,1
8078,1
8079,0
8080,1
8081,0
8082,1
8083,1
8084,1
8085,0
8086,1
8087,1
8088,1
8089,0
8090,0
8091,1
8092,0
8093,1
8094,1
8095,1
8096,0
8097,0
8098,0
8099,0
8100,0
8101,0
8102,1
8103,1
8104,0
8105,1
8106,1
8107,0
8108,0
8109,1
8110,0
8111,0
8112,0
8113,1
8114,0
8115,0
8116,0
8117,0
8118,1
8119,0
8120,1
8121,1
8122,1
8123,1
8124,0
8125,0
8126,1
8127,0
8128,1
8129,0
8130,1
8131,1
8132,1
8133,0
8134,0
8135,1
8136,1
8137,0
8138,1
8139,1
8140,1
8141,1
8142,1
8143,0
8144,1
8145,1
8146,1
8147,1
8148,0
8149,1
8150,1
8151,0
8152,1
8153,0
8154,1
8155,1
8156,0
8157,1
8158,1
8159,1
8160,0
8161,0
8162,0
8163,1
8164,0
8165,1
8166,0
8167,1
8168,1
8169,1
8170,0
8171,0
8172,0
8173,0
8174,0
8175,0
8176,0
8177,0
8178,0
8179,0
8180,0
8181,1
8182,0
8183,0
8184,0
8185,1
8186,1
8187,1
8188,0
8189,1
8190,1
8191,0
8192,1
8193,0
8194,1
8195,0
8196,1
8197,0
8198,0
8199,0
8200,1
8201,1
8202,1
8203,1
8204,0
8205,1
8206,1
8207,1
8208,0
8209,1
8210,1
8211,0
8212,0
8213,1
8214,0
8215,1
8216,0
8217,0
8218,1
8219,0
8220,0
8221,1
8222,1
8223,1
8224,0
8225,0
8226,1
8227,0
8228,1
8229,0
8230,0
8231,0
8232,0
8233,1
8234,1
8235,0
8236,1
8237,1
8238,1
8239,1
8240,1
8241,1
8242,0
8243,0
8244,1
8245,1
8246,0
8247,1
8248,0
8249,0
8250,0
8251,0
8252,1
8253,1
8254,0
8255,0
8256,0
8257,1
8258,0
8259,0
8260,0
8261,1
8262,0
8263,1
8264,0
8265,1
8266,1
8267,1
8268,1
8269,1
8270,1
8271,1
8272,1
8273,0
8274,1
8275,0
8276,1
8277,1
8278,1
8279,1
8280,0
8281,1
8282,1
8283,1
8284,0
8285,0
8286,0
8287,1
8288,1
8289,0
8290,1
8291,0
8292,0
8293,1
8294,1
8295,0
8296,1
8297,0
8298,1
8299,1
8300,0
8301,0
8302,0
8303,1
8304,1
8305,1
8306,0
8307,1
8308,0
8309,1
8310,1
8311,1
8312,1
8313,1
8314,1
8315,0
8316,0
8317,0
8318,0
8319,1
8320,0
8321,1
8322,1
8323,0
8324,0
8325,0
8326,1
8327,1
8328,1
8329,0
8330,0
8331,1
8332,0
8333,1
8334,1
8335,0
8336,1
8337,1
8338,1
8339,0
8340,0
8341,0
8342,1
8343,0
8344,0
8345,0
8346,1
8347,0
8348,0
8349,1
8350,1
8351,0
8352,1
8353,0
8354,0
8355,1
8356,1
8357,1
8358,0
8359,0
8360,1
8361,0
8362,0
8363,0
8364,0
8365,1
8366,1
8367,0
8368,0
8369,0
8370,0
8371,0
8372,1
8373,1
8374,0
8375,0
8376,1
8377,0
8378,0
8379,0
8380,0
8381,0
8382,0
8383,1
8384,0
8385,1
8386,1
8387,1
8388,1
8389,1
8390,1
8391,0
8392,1
8393,1
8394,1
8395,0
8396,1
8397,1
8398,0
8399,1
8400,1
8401,1
8402,1
8403,0
8404,1
8405,0
8406,0
8407,0
8408,1
8409,1
8410,0
8411,1
8412,1
8413,1
8414,0
8415,0
8416,1
8417,1
8418,1
8419,0
8420,0
8421,0
8422,1
8423,0
8424,0
8425,0
8426,1
8427,0
8428,0
8429,0
8430,0
8431,1
8432,1
8433,0
8434,1
8435,1
8436,1
8437,0
8438,1
8439,0
8440,1
8441,1
8442,1
8443,0
8444,0
8445,0
8446,1
8447,1
8448,1
8449,1
8450,1
8451,0
8452,1
8453,1
8454,0
8455,1
8456,1
8457,1
8458,0
8459,0
8460,1
8461,0
8462,1
8463,0
8464,0
8465,1
8466,0
8467,1
8468,1
8469,0
8470,1
8471,0
8472,1
8473,0
8474,0
8475,1
8476,0
8477,0
8478,1
8479,1
8480,1
8481,1
8482,1
8483,0
8484,1
8485,0
8486,0
8487,0
8488,0
8489,1
8490,1
8491,1
8492,1
8493,0
8494,0
8495,0
8496,1
8497,1
8498,0
8499,1
8500,0
8501,1
8502,1
8503,1
8504,0
8505,0
8506,0
8507,1
8508,1
8509,0
8510,0
8511,1
8512,1
8513,1
8514,1
8515,1
8516,1
8517,0
8518,1
8519,0
8520,1
8521,1
8522,0
8523,0
8524,1
8525,1
8526,0
8527,1
8528,0
8529,1
8530,0
8531,1
8532,0
8533,1
8534,0
8535,1
8536,0
8537,1
8538,1
8539,0
8540,1
8541,1
8542,0
8543,0
8544,1
8545,0
8546,1
8547,1
8548,1
8549,1
8550,1
8551,1
8552,1
8553,1
8554,0
8555,0
8556,1
8557,1
8558,1
8559,1
8560,1
8561,0
8562,1
8563,1
8564,1
8565,1
8566,0
8567,1
8568,0
8569,0
8570,0
8571,1
8572,0
8573,0
8574,0
8575,0
8576,0
8577,0
8578,1
8579,0
8580,0
8581,0
8582,0
8583,1
8584,1
8585,0
8586,1
8587,0
8588,1
8589,0
8590,1
8591,0
8592,1
8593,1
8594,1
8595,1
8596,0
8597,0
8598,0
8599,1
8600,0
8601,1
8602,1
8603,1
8604,0
8605,0
8606,1
8607,1
8608,1
8609,1
8610,0
8611,1
8612,0
8613,1
8614,0
8615,0
8616,1
8617,1
8618,1
8619,1
8620,0
8621,0
8622,1
8623,1
8624,0
8625,1
8626,1
8627,0
8628,0
8629,0
8630,1
8631,0
8632,0
8633,1
8634,1
8635,1
8636,1
8637,1
8638,1
8639,1
8640,1
8641,0
8642,0
8643,1
8644,1
8645,0
8646,0
8647,1
8648,0
8649,0
8650,1
8651,1
8652,1
8653,0
8654,0
8655,1
8656,1
8657,1
8658,0
8659,0
8660,0
8661,1
8662,0
8663,0
8664,1
8665,0
8666,0
8667,1
8668,1
8669,0
8670,1
8671,0
8672,0
8673,1
8674,0
8675,0
8676,0
8677,0
8678,1
8679,1
8680,0
8681,0
8682,1
8683,0
8684,0
8685,1
8686,0
8687,0
8688,1
8689,0
8690,1
8691,1
8692,0
8693,1
8694,1
8695,1
8696,1
8697,1
8698,1
8699,1
8700,1
8701,1
8702,1
8703,0
8704,0
8705,1
8706,0
8707,1
8708,0
8709,0
8710,1
8711,0
8712,1
8713,0
8714,0
8715,0
8716,0
8717,1
8718,0
8719,1
8720,1
8721,0
8722,1
8723,1
8724,1
8725,1
8726,1
8727,0
8728,1
8729,1
8730,1
8731,1
8732,0
8733,1
8734,1
8735,1
8736,1
8737,1
8738,0
8739,1
8740,1
8741,0
8742,1
8743,0
8744,1
8745,1
8746,1
8747,0
8748,0
8749,0
8750,1
8751,1
8752,0
8753,0
8754,1
8755,1
8756,1
8757,1
8758,0
8759,0
8760,1
8761,0
8762,0
8763,0
8764,0
8765,1
8766,0
8767,1
8768,1
8769,0
8770,0
8771,0
8772,0
8773,0
8774,1
8775,1
8776,1
8777,0
8778,0
8779,0
8780,0
8781,1
8782,0
8783,1
8784,0
8785,0
8786,1
8787,1
8788,1
8789,0
8790,1
8791,0
8792,1
8793,1
8794,1
8795,0
8796,1
8797,0
8798,1
8799,0
8800,1
8801,1
8802,1
8803,1
8804,1
8805,0
8806,1
8807,1
8808,1
8809,1
8810,1
8811,1
8812,0
8813,1
8814,0
8815,1
8816,0
8817,0
8818,1
8819,1
8820,1
8821,0
8822,0
8823,1
8824,1
8825,1
8826,0
8827,1
8828,1
8829,1
8830,0
8831,1
8832,0
8833,1
8834,1
8835,0
8836,0
8837,1
8838,0
8839,1
8840,1
8841,1
8842,1
8843,1
8844,1
8845,1
8846,1
8847,1
8848,0
8849,1
8850,1
8851,1
8852,0
8853,1
8854,0
8855,0
8856,0
8857,1
8858,1
8859,1
8860,0
8861,1
8862,0
8863,0
8864,0
8865,0
8866,1
8867,0
8868,0
8869,0
8870,0
8871,1
8872,0
8873,0
8874,1
8875,1
8876,1
8877,1
8878,0
8879,1
8880,1
8881,1
8882,1
8883,1
8884,1
8885,1
8886,0
8887,1
8888,0
8889,0
8890,1
8891,0
8892,1
8893,1
8894,1
8895,1
8896,0
8897,0
8898,0
8899,1
8900,1
8901,0
8902,1
8903,1
8904,0
8905,0
8906,0
8907,0
8908,0
8909,1
8910,0
8911,1
8912,0
8913,0
8914,0
8915,1
8916,1
8917,1
8918,1
8919,1
8920,1
8921,0
8922,1
8923,0
8924,0
8925,0
8926,0
8927,1
8928,1
8929,0
8930,1
8931,0
8932,1
8933,0
8934,0
8935,0
8936,0
8937,0
8938,0
8939,0
8940,1
8941,0
8942,1
8943,0
8944,1
8945,1
8946,1
8947,0
8948,0
8949,1
8950,0
8951,1
8952,0
8953,1
8954,1
8955,1
8956,1
8957,1
8958,1
8959,0
8960,1
8961,0
8962,0
8963,1
8964,1
8965,1
8966,1
8967,0
8968,1
8969,0
8970,0
8971,0
8972,0
8973,1
8974,1
8975,0
8976,0
8977,0
8978,1
8979,0
8980,1
8981,1
8982,1
8983,0
8984,1
8985,1
8986,0
8987,0
8988,0
8989,1
8990,1
8991,1
8992,1
8993,0
8994,1
8995,1
8996,1
8997,1
8998,0
8999,0
9000,1
9001,1
9002,0
9003,0
9004,0
9005,1
9006,1
9007,1
9008,1
9009,1
9010,1
9011,0
9012,0
9013,1
9014,1
9015,0
9016,0
9017,0
9018,0
9019,1
9020,1
9021,0
9022,0
9023,1
9024,0
9025,1
9026,1
9027,1
9028,1
9029,1
9030,1
9031,0
9032,0
9033,1
9034,0
9035,0
9036,0
9037,0
9038,1
9039,1
9040,0
9041,0
9042,1
9043,0
9044,1
9045,1
9046,1
9047,0
9048,1
9049,0
9050,1
9051,0
9052,1
9053,0
9054,1
9055,0
9056,1
9057,1
9058,0
9059,1
9060,1
9061,1
9062,0
9063,1
9064,1
9065,0
9066,1
9067,1
9068,1
9069,1
9070,0
9071,1
9072,0
9073,1
9074,0
9075,1
9076,1
9077,0
9078,0
9079,1
9080,1
9081,0
9082,0
9083,0
9084,1
9085,0
9086,1
9087,0
9088,1
9089,0
9090,1
9091,0
9092,0
9093,1
9094,1
9095,0
9096,1
9097,0
9098,1
9099,1
9100,1
9101,1
9102,0
9103,0
9104,1
9105,1
9106,0
9107,0
9108,0
9109,1
9110,1
9111,1
9112,0
9113,1
9114,1
9115,0
9116,1
9117,1
9118,1
9119,0
9120,1
9121,1
9122,1
9123,1
9124,0
9125,0
9126,0
9127,1
9128,1
9129,1
9130,1
9131,1
9132,0
9133,0
9134,1
9135,0
9136,1
9137,1
9138,0
9139,0
9140,0
9141,1
9142,0
9143,1
9144,1
9145,1
9146,0
9147,1
9148,0
9149,1
9150,1
9151,0
9152,0
9153,0
9154,0
9155,1
9156,1
9157,1
9158,1
9159,1
9160,0
9161,0
9162,1
9163,1
9164,1
9165,0
9166,0
9167,1
9168,1
9169,0
9170,1
9171,0
9172,0
9173,1
9174,1
9175,0
9176,1
9177,1
9178,1
9179,1
9180,0
9181,1
9182,0
9183,1
9184,0
9185,1
9186,1
9187,1
9188,0
9189,1
9190,1
9191,1
9192,1
9193,0
9194,1
9195,0
9196,0
9197,1
9198,1
9199,1
9200,0
9201,1
9202,0
9203,1
9204,1
9205,0
9206,1
9207,1
9208,0
9209,0
9210,0
9211,1
9212,0
9213,1
9214,1
9215,1
9216,0
9217,0
9218,1
9219,1
9220,0
9221,1
9222,0
9223,1
9224,1
9225,1
9226,0
9227,0
9228,0
9229,0
9230,0
9231,1
9232,0
9233,0
9234,1
9235,0
9236,1
9237,1
9238,0
9239,0
9240,0
9241,1
9242,1
9243,0
9244,1
9245,0
9246,1
9247,0
9248,1
9249,0
9250,0
9251,0
9252,0
9253,1
9254,0
9255,1
9256,0
9257,1
9258,0
9259,0
9260,1
9261,1
9262,1
9263,0
9264,1
9265,1
9266,0
9267,0
9268,0
9269,0
9270,1
9271,0
9272,0
9273,0
9274,1
9275,1
9276,0
9277,0
9278,1
9279,0
9280,0
9281,1
9282,1
9283,1
9284,1
9285,0
9286,0
9287,0
9288,1
9289,1
9290,0
9291,0
9292,0
9293,0
9294,1
9295,0
9296,1
9297,1
9298,1
9299,1
9300,1
9301,0
9302,0
9303,1
9304,0
9305,1
9306,0
9307,0
9308,1
9309,1
9310,0
9311,0
9312,1
9313,1
9314,1
9315,0
9316,0
9317,1
9318,0
9319,1
9320,1
9321,0
9322,0
9323,1
9324,0
9325,0
9326,1
9327,1
9328,0
9329,1
9330,1
9331,1
9332,1
9333,0
9334,1
9335,0
9336,0
9337,1
9338,0
9339,0
9340,1
9341,0
9342,1
9343,0
9344,0
9345,0
9346,1
9347,0
9348,1
9349,1
9350,1
9351,0
9352,0
9353,0
9354,1
9355,1
9356,1
9357,1
9358,1
9359,0
9360,0
9361,1
9362,1
9363,1
9364,0
9365,1
9366,0
9367,1
9368,1
9369,0
9370,0
9371,1
9372,1
9373,0
9374,0
9375,1
9376,1
9377,0
9378,1
9379,0
9380,0
9381,0
9382,0
9383,1
9384,0
9385,1
9386,1
9387,0
9388,0
9389,0
9390,1
9391,0
9392,0
9393,0
9394,1
9395,0
9396,1
9397,1
9398,0
9399,0
9400,0
9401,0
9402,1
9403,0
9404,1
9405,0
9406,1
9407,1
9408,1
9409,1
9410,0
9411,0
9412,1
9413,1
9414,1
9415,0
9416,0
9417,1
9418,0
9419,0
9420,1
9421,1
9422,0
9423,0
9424,0
9425,1
9426,1
9427,1
9428,1
9429,1
9430,0
9431,1
9432,0
9433,0
9434,0
9435,0
9436,0
9437,0
9438,0
9439,1
9440,0
9441,0
9442,0
9443,0
9444,0
9445,1
9446,1
9447,1
9448,1
9449,0
9450,0
9451,0
9452,1
9453,1
9454,0
9455,0
9456,1
9457,0
9458,0
9459,0
9460,0
9461,1
9462,1
9463,0
9464,1
9465,0
9466,1
9467,1
9468,0
9469,1
9470,1
9471,1
9472,0
9473,0
9474,1
9475,1
9476,0
9477,1
9478,0
9479,0
9480,1
9481,1
9482,0
9483,0
9484,1
9485,1
9486,1
9487,0
9488,0
9489,1
9490,1
9491,0
9492,0
9493,1
9494,0
9495,1
9496,0
9497,1
9498,1
9499,1
9500,1
9501,0
9502,1
9503,1
9504,0
9505,0
9506,1
9507,1
9508,1
9509,1
9510,1
9511,1
9512,0
9513,1
9514,1
9515,1
9516,1
9517,0
9518,0
9519,1
9520,1
9521,0
9522,1
9523,1
9524,0
9525,0
9526,1
9527,0
9528,0
9529,1
9530,1
9531,0
9532,1
9533,1
9534,1
9535,1
9536,1
9537,0
9538,0
9539,0
9540,1
9541,0
9542,0
9543,0
9544,1
9545,0
9546,1
9547,0
9548,1
9549,0
9550,0
9551,1
9552,1
9553,0
9554,1
9555,0
9556,0
9557,1
9558,0
9559,0
9560,0
9561,1
9562,0
9563,0
9564,1
9565,0
9566,0
9567,1
9568,0
9569,0
9570,0
9571,1
9572,0
9573,1
9574,1
9575,0
9576,0
9577,1
9578,0
9579,1
9580,1
9581,0
9582,0
9583,1
9584,1
9585,0
9586,0
9587,1
9588,1
9589,0
9590,1
9591,0
9592,1
9593,0
9594,0
9595,0
9596,1
9597,0
9598,0
9599,0
9600,1
9601,0
9602,1
9603,0
9604,0
9605,1
9606,0
9607,0
9608,1
9609,0
9610,0
9611,1
9612,0
9613,1
9614,0
9615,1
9616,1
9617,1
9618,1
9619,0
9620,1
9621,0
9622,1
9623,1
9624,1
9625,0
9626,0
9627,1
9628,1
9629,0
9630,0
9631,0
9632,0
9633,1
9634,1
9635,0
9636,1
9637,1
9638,1
9639,1
9640,0
9641,0
9642,0
9643,1
9644,0
9645,1
9646,1
9647,0
9648,0
9649,1
9650,0
9651,1
9652,0
9653,1
9654,1
9655,0
9656,0
9657,1
9658,1
9659,0
9660,0
9661,1
9662,1
9663,0
9664,1
9665,1
9666,1
9667,1
9668,0
9669,0
9670,0
9671,0
9672,0
9673,1
9674,0
9675,0
9676,0
9677,1
9678,1
9679,0
9680,0
9681,1
9682,0
9683,1
9684,0
9685,0
